0.919346458697274,[ 2.0000000e+00  9.6774213e+30 -5.0000000e-01],Good
0.9189517322373844,[ 2.7500000e+00  9.6774213e+30 -5.0000000e-01],Good
0.8616916428475139,[ 2.75000000e+00  1.54441799e+31 -5.00000000e-01],Good
0.8813184927312117,[2.75000000e+00 1.54441799e+31 0.00000000e+00],Good
0.8413521444329771,[ 3.50000000e+00  1.73664327e+31 -1.66666667e-01],Good
0.7982974456487973,[4.25000000e+00 2.12109384e+31 5.55111512e-17],Good
0.781090633983816,[3.75000000e+00 2.50554442e+31 1.66666667e-01],Good
0.7549949483571277,[4.25000000e+00 3.27444556e+31 5.00000000e-01],Good
0.6282307533176753,[4.75000000e+00 3.08222027e+31 1.48029737e-16],Good
0.24388026961900888,[5.75000000e+00 3.85112142e+31 2.22044605e-16],Good
0.7505449664148607,[6.75000000e+00 4.62002256e+31 8.33333333e-01],Good
1,[6.91666667e+00 5.70929918e+31 8.88888889e-01],Good
0.7030065519925377,[4.91666667e+00 3.01814518e+31 2.22222222e-01],Good
0.1283444944416805,[7.36111111e+00 4.38508054e+31 2.03703704e-01],Good
0.6172985984772817,[8.91666667e+00 4.94039803e+31 5.55555556e-02],Good
0.3773621356710921,[ 5.26851852e+00  2.88287553e+31 -5.49382716e-01],Good
0.6214314870381763,[ 7.33641975e+00  4.39457315e+31 -4.52674897e-01],Good
0.5767043084956687,[ 6.73148148e+00  4.05046616e+31 -2.83950617e-01],Good
0.540470876717609,[5.52160494e+00 3.36225217e+31 5.34979424e-02],Good
0.35598261970785194,[ 5.82407407e+00  3.53430567e+31 -3.08641975e-02],Good
0.6059944064879921,[7.35493827e+00 4.96412955e+31 6.64609053e-01],Good
0.2630336925080242,[ 5.79012346e+00  3.40318904e+31 -2.45884774e-01],Good
0.38411872722968676,[6.77674897e+00 4.22528833e+31 2.74348422e-03],Good
0.268362397986017,[ 6.06224280e+00  3.70705133e+31 -2.24622771e-02],Good
0.18161569493014185,[ 6.53858025e+00  4.05254266e+31 -5.65843621e-03],Good
0.07202869473300877,[7.30967078e+00 4.78930738e+31 3.77914952e-01],Good
0.3590790613705359,[8.06944444e+00 5.48236655e+31 6.89814815e-01],Good
0.2720367883223711,[8.38957476e+00 4.96683231e+31 3.83973480e-01],Good
0.11263344674510045,[6.40989369e+00 4.13004914e+31 9.59933699e-02],Good
0.16515654101602684,[7.51520348e+00 4.81708204e+31 4.57399787e-01],Good
0.07955553455040953,[7.27104767e+00 4.62594720e+31 3.41635231e-01],Good
0.10194943661147493,[6.63263032e+00 4.64512193e+31 3.39991998e-01],Good
0.2945312341034816,[7.73233882e+00 5.24353520e+31 6.10368084e-01],Good
0.08237784391916503,[6.74050497e+00 4.40842065e+31 2.24587048e-01],Good
0.10765734200157484,[7.58151863e+00 4.57066155e+31 2.89432823e-01],Good
0.0800985304906503,[6.86985239e+00 4.62650684e+31 3.27352204e-01],Good
0.10543710249919291,[7.55987559e+00 4.95275362e+31 4.73347876e-01],Good
0.07555387427083593,[6.94534763e+00 4.54450390e+31 2.86777255e-01],Good
0.07823001707895694,[7.48085832e+00 4.67999881e+31 3.43532755e-01],Good
0.08726154212870829,[7.21953682e+00 4.71659286e+31 3.30514744e-01],Good
0.074148524800705,[7.25816996e+00 4.64860861e+31 3.38855109e-01],Good
0.0743894681801458,[6.86126725e+00 4.64161445e+31 3.25498790e-01],Good
0.07347849113601312,[7.34072437e+00 4.84184973e+31 4.08068645e-01],Good
0.07526507834120022,[7.74444282e+00 4.87822937e+31 4.24393681e-01],Good
0.07193606901093819,[7.08206114e+00 4.70076818e+31 3.50222513e-01],Good
0.07130257084874458,[7.23013424e+00 4.90600824e+31 4.18615631e-01],Good
0.07445818909291924,[7.21611638e+00 5.03470806e+31 4.58495892e-01],Good
0.07068693202782228,[7.07385308e+00 4.75553947e+31 3.56433418e-01],Good
0.07232795903525835,[6.94041743e+00 4.71238434e+31 3.30615805e-01],Good
0.06968700566451991,[6.94769486e+00 4.78556988e+31 3.72266089e-01],Good
0.07130639932969385,[6.76670690e+00 4.78370114e+31 3.69441658e-01],Good
0.06962741155764274,[7.08572697e+00 4.93064355e+31 4.14654246e-01],Good
0.07092128954933097,[7.08755989e+00 5.04558124e+31 4.46870113e-01],Good
0.06847524973016716,[6.84138237e+00 4.74182703e+31 3.43620205e-01],Good
0.06887738263315368,[6.64700643e+00 4.65973642e+31 3.06122492e-01],Good
0.06842463708345747,[6.84268305e+00 4.88315417e+31 3.97260275e-01],Good
0.07098187973153214,[6.72709804e+00 4.94696153e+31 4.17673704e-01],Good
0.06850750646713422,[6.89883340e+00 4.91817995e+31 3.98090395e-01],Good
0.06620071366678415,[6.63620558e+00 4.76479722e+31 3.44659671e-01],Good
0.06695964321630044,[6.41144488e+00 4.68187405e+31 3.09662383e-01],Good
0.07110159139488059,[6.64801393e+00 4.67500566e+31 3.25603039e-01],Good
0.06723782053117178,[6.83612853e+00 4.85738638e+31 3.79968556e-01],Good
0.06709916472116961,[6.70196241e+00 4.92839815e+31 4.04305463e-01],Good
0.06550327356633434,[6.60684796e+00 4.81723366e+31 3.55362185e-01],Good
0.06596169636892124,[6.48893041e+00 4.78427340e+31 3.34413140e-01],Good
0.06446301552921252,[6.46054876e+00 4.81623297e+31 3.56249656e-01],Good
0.06441467308507143,[6.27275888e+00 4.79565626e+31 3.44390206e-01],Good
0.06612719776657294,[6.30857920e+00 4.65672661e+31 2.91969245e-01],Good
0.06226927797567272,[6.15591845e+00 4.74828047e+31 3.16488087e-01],Good
0.06058105124120505,[5.91577488e+00 4.74002210e+31 3.02402295e-01],Good
0.062103091994205495,[6.22167528e+00 4.91188141e+31 3.76133879e-01],Good
0.06354434560302069,[5.66662474e+00 4.81447286e+31 3.26588735e-01],Good
0.05699907080195066,[5.59662439e+00 4.84859464e+31 3.25693066e-01],Good
0.05373692388522178,[5.25855715e+00 4.87506383e+31 3.16344496e-01],Good
0.058834931751864605,[5.93071347e+00 4.87017203e+31 3.36665044e-01],Good
0.05332776431156516,[5.18168839e+00 4.74495724e+31 2.60807344e-01],Good
0.056954501291595405,[4.66169494e+00 4.66149515e+31 2.03144077e-01],Good
0.04802038796566821,[4.99819779e+00 4.92010664e+31 3.06808961e-01],Good
0.0427937682859415,[4.53940924e+00 5.01014890e+31 3.09012295e-01],Good
0.0524602087278877,[4.05572304e+00 4.88327461e+31 2.54111045e-01],Good
0.041683763746609204,[3.92598996e+00 4.88385667e+31 2.32942627e-01],Good
0.04609034827593339,[3.25970637e+00 4.88825309e+31 1.91241693e-01],Good
0.04262142352229492,[3.16572644e+00 5.10656289e+31 2.69903301e-01],Good
0.03134193378940586,[3.69836072e+00 5.11710437e+31 2.87127770e-01],Good
0.035016469510098513,[3.51967956e+00 5.23401924e+31 3.03636132e-01],Good
0.04940989977767141,[2.65397551e+00 5.06153371e+31 2.17636837e-01],Good
0.03801376525002775,[4.06805081e+00 5.02299511e+31 2.86168430e-01],Good
0.045053611956571316,[4.62920788e+00 4.90940787e+31 2.67589251e-01],Good
0.036904985969895665,[3.53159680e+00 5.05727414e+31 2.69324788e-01],Good
0.03564479501114981,[3.60601559e+00 5.24772573e+31 3.28804699e-01],Good
0.030326036188389582,[3.15593127e+00 5.25840772e+31 3.04003074e-01],Good
0.032206505838888067,[2.69987150e+00 5.37611402e+31 3.12920396e-01],Good
0.04110965641000963,[3.44194158e+00 5.35821774e+31 3.43965573e-01],Good
0.03230275785623715,[3.50918300e+00 5.13251004e+31 2.87984985e-01],Good
0.030037836646453875,[3.30296773e+00 5.09095568e+31 2.57272521e-01],Good
0.03298652566046523,[3.15144381e+00 5.01257065e+31 2.21506432e-01],Good
0.022593488029638453,[3.26232348e+00 5.17846847e+31 2.77617258e-01],Good
0.02415110938901155,[3.13889373e+00 5.20144769e+31 2.72433395e-01],Good
0.023215375922099213,[2.78245427e+00 5.23478354e+31 2.72134132e-01],Good
0.027507840341722933,[3.07589906e+00 5.07773075e+31 2.34012867e-01],Good
0.022336066063446958,[2.77748347e+00 5.23636616e+31 2.65236984e-01],Good
0.02355528030443499,[2.51474134e+00 5.30907140e+31 2.69219216e-01],Good
0.03110918997955847,[2.80560843e+00 5.35534804e+31 3.09312717e-01],Good
0.02502939571158047,[3.00832640e+00 5.14713507e+31 2.52837829e-01],Good
0.02773920199824087,[2.87318109e+00 5.28594371e+31 2.90487754e-01],Good
0.022997868782156705,[2.97454007e+00 5.18183723e+31 2.62250310e-01],Good
0.9368963445816478,[2.0000000e+00 9.6774213e+30 5.0000000e-01],Good
0.9360708175231309,[2.7500000e+00 9.6774213e+30 5.0000000e-01],Good
0.8994563673238579,[2.75000000e+00 1.54441799e+31 5.00000000e-01],Good
1,[2.75000000e+00 1.54441799e+31 1.00000000e+00],Good
0.9443306443522467,[2.25000000e+00 7.75516844e+30 0.00000000e+00],Good
0.9316183906075622,[2.3750000e+00 9.6774213e+30 2.5000000e-01],Good
0.9049818495675501,[3.25000000e+00 1.35219270e+31 3.33333333e-01],Good
0.8827790781144051,[2.83333333e+00 1.60849308e+31 2.22222222e-01],Good
0.8391219638737197,[2.87500000e+00 1.92886856e+31 8.33333333e-02],Good
0.8426269727608302,[3.54166667e+00 2.24924403e+31 3.61111111e-01],Good
0.8090678399717505,[2.86111111e+00 2.46282769e+31 2.96296296e-01],Good
0.7675317897937544,[2.66666667e+00 3.01814518e+31 2.77777778e-01],Good
0.6372695916778972,[ 3.30555556e+00  3.25308719e+31 -1.85185185e-02],Good
0.15559773529248333,[ 3.58333333e+00  4.10742180e+31 -2.77777778e-01],Good
0.30345894613922664,[ 2.54166667e+00  3.78704632e+31 -3.05555556e-01],Good
0.5879727376822694,[ 2.98611111e+00  5.34620697e+31 -2.87037037e-01],Good
1,[ 3.40740741e+00  5.80897155e+31 -8.58024691e-01],Good
0.5301547288161824,[ 2.85185185e+00  3.71585177e+31 -6.17283951e-03],Good
0.7612322221648463,[ 2.99845679e+00  2.39400629e+31 -1.05967078e-01],Good
0.4353386122702535,[ 2.98919753e+00  4.60815680e+31 -2.41769547e-01],Good
0.619321416600735,[ 3.22427984e+00  4.61923151e+31 -5.43895748e-01],Good
0.31221372911484924,[ 2.94495885e+00  3.94169670e+31 -1.40603567e-01],Good
0.5415006561392002,[ 3.05744170e+00  3.28261975e+31 -2.40855053e-01],Good
0.10718426516612134,[ 3.00625857e+00  4.27677254e+31 -2.41540924e-01],Good
0.3397804937790371,[ 3.14254687e+00  4.17246373e+31 -4.09312605e-01],Good
0.23934182261118686,[ 2.99435585e+00  3.99938846e+31 -2.07780826e-01],Good
0.40552113888027275,[ 3.84763184e+00  4.46867554e+31 -1.79177463e-01],Good
0.2234604643346394,[ 2.86815796e+00  3.95745363e+31 -2.73961032e-01],Good
0.3081573050009553,[ 3.31081072e+00  4.22837685e+31 -3.21072330e-01],Good
0.1558878212972088,[ 3.07346957e+00  4.05663556e+31 -2.36103702e-01],Good
0.321843874139046,[ 3.57388303e+00  4.33643297e+31 -2.29653903e-01],Good
0.13754929212653133,[ 3.04458923e+00  4.05219846e+31 -2.62884250e-01],Good
0.23965816799290118,[ 3.34931785e+00  4.23429297e+31 -2.85364932e-01],Good
0.10938123872934025,[ 3.14243164e+00  4.10104991e+31 -2.48419010e-01],Good
0.15828183182958433,[ 2.54551963e+00  4.17925881e+31 -2.24118344e-01],Good
0.10896900394120812,[ 3.32387991e+00  4.12538105e+31 -2.64362919e-01],Good
0.171983348502035,[ 3.27045752e+00  4.28327054e+31 -2.39997652e-01],Good
0.10457268078550197,[ 3.10105630e+00  4.10996648e+31 -2.57162600e-01],Good
0.13598356384193233,[ 3.14503155e+00  4.24036347e+31 -2.60291953e-01],Good
0.0968555930113747,[ 3.14308162e+00  4.13587830e+31 -2.51387245e-01],Good
0.08284530130197787,[ 2.84305109e+00  4.22303050e+31 -2.35697594e-01],Good
0.08305803194495676,[ 2.60263668e+00  4.27185522e+31 -2.21364931e-01],Good
0.15693094864891133,[ 3.05186743e+00  4.03581098e+31 -2.54624036e-01],Good
0.08876011907584558,[ 3.01766079e+00  4.21653215e+31 -2.44811702e-01],Good
0.08168226934558942,[ 2.90147269e+00  4.27366081e+31 -2.30768427e-01],Good
0.08800212283136055,[ 2.80168089e+00  4.35550798e+31 -2.17571340e-01],Good
0.07418857651971755,[ 2.69837476e+00  4.33960401e+31 -2.22797903e-01],Good
0.06999529607942578,[ 2.47602133e+00  4.44146686e+31 -2.08503231e-01],Good
0.059348599748212605,[ 2.46270262e+00  4.40890663e+31 -2.05167799e-01],Good
0.04631098997621175,[ 2.18522354e+00  4.50509387e+31 -1.85345848e-01],Good
0.07151497991416367,[ 2.19876063e+00  4.59045053e+31 -1.80714077e-01],Good
0.04430897868859818,[ 1.67186431e+00  4.75101336e+31 -1.52273677e-01],Good
0.06176940435369427,[ 1.05706011e+00  4.98968963e+31 -1.13026303e-01],Good
0.04166126924594016,[ 2.02331216e+00  4.54126553e+31 -1.83367761e-01],Good
0.04854606761408853,[ 1.93558793e+00  4.51667302e+31 -1.84694603e-01],Good
0.023950059022646797,[ 1.44424534e+00  4.75678165e+31 -1.38821626e-01],Good
0.02201470745991685,[ 1.00000000e+00  4.91443904e+31 -1.03980824e-01],Good
0.04335091460405138,[ 1.00000000e+00  4.96605142e+31 -1.07735660e-01],Good
0.018343464843995738,[ 1.01034380e+00  4.86349063e+31 -1.11115819e-01],Good
0.017746862176982958,[ 1.00000000e+00  4.91972926e+31 -9.05368895e-02],Good
0.04773016240095074,[ 1.68220811e+00  4.61757114e+31 -1.44187989e-01],Good
0.024141667210374473,[ 1.17055203e+00  4.87893135e+31 -1.16848742e-01],Good
0.15868193320155077,[ 1.00000000e+00  5.26746758e+31 -2.42098762e-02],Good
0.025782813805144134,[ 1.54008142e+00  4.72281604e+31 -1.43578290e-01],Good
0.06780874767505363,[ 1.00000000e+00  5.08591706e+31 -6.39993474e-02],Good
0.02114110830268834,[ 1.29846605e+00  4.81359129e+31 -1.23683554e-01],Good
0.016687847648194754,[ 1.02842534e+00  4.88624172e+31 -9.52854359e-02],Good
0.01639049438439666,[ 1.00000000e+00  4.88989691e+31 -8.45037827e-02],Good
0.020926044602393556,[ 1.19897736e+00  4.83437260e+31 -9.51686606e-02],Good
0.013006367042776246,[ 1.00000000e+00  4.94907455e+31 -5.64560012e-02],Good
0.010481268547174127,[ 1.00000000e+00  5.01681618e+31 -2.28422247e-02],Good
0.020530135315298792,[ 1.00000000e+00  5.04992230e+31 -3.67532708e-02],Good
0.016003895546392477,[ 1.00000000e+00  4.99603488e+31 -5.13571182e-02],Good
0.009800669615654956,[ 1.00000000e+00  5.01543605e+31 -1.52651942e-02],Good
0.008451324120213766,[1.00000000e+00 5.06328944e+31 2.23706534e-02],Good
0.004838132130079664,[1.00000000e+00 5.16086343e+31 4.99513230e-02],Good
0.012073959938461054,[1.00000000e+00 5.29634668e+31 1.17178876e-01],Good
0.005770851186125969,[1.00000000e+00 5.16461116e+31 8.43436194e-02],Good
0.0033244593876072814,[1.00000000e+00 5.24235983e+31 1.27285955e-01],Good
0.015306329593404056,[1.00000000e+00 5.35513166e+31 2.02350045e-01],Good
0.0074359735365612245,[1.00000000e+00 5.31526684e+31 1.52016612e-01],Good
0.004725091913217128,[1.00000000e+00 5.25227249e+31 1.19605122e-01],Good
0.008364236093543309,[1.00000000e+00 5.27238601e+31 1.13551314e-01],Good
0.001995027210442757,[1.00000000e+00 5.19155487e+31 9.16455431e-02],Good
0.012160872990872207,[1.00000000e+00 5.29659470e+31 1.75739757e-01],Good
0.0022754611129610636,[1.00000000e+00 5.19479625e+31 8.13984316e-02],Good
0.5942285078382764,[1.00000000e+01 4.90035308e+31 7.00000000e-01],Good
0.4520723195821288,[1.47500000e+01 4.90035308e+31 7.00000000e-01],Good
0.5019255557381015,[1.47500000e+01 8.42648716e+31 7.00000000e-01],Good
0.7652237635103707,[1.47500000e+01 4.90035308e+31 9.25000000e-01],Good
0.5338750757144185,[1.15833333e+01 7.25110913e+31 4.75000000e-01],Good
0.6391687373360821,[1.73888889e+01 8.81827983e+31 5.50000000e-01],Good
0.2683366138308494,[1.18472222e+01 5.87983477e+31 6.62500000e-01],Good
0.65057247763021,[1.59814815e+01 5.55334088e+31 9.00000000e-01],Good
0.48914221563033455,[1.26828704e+01 6.82666707e+31 5.81250000e-01],Good
0.7713816428951091,[1.14367284e+01 3.31141613e+31 5.95833333e-01],Good
0.4708285878065893,[1.39216821e+01 7.14771940e+31 6.73958333e-01],Good
0.5879402399946596,[1.43297325e+01 5.12527110e+31 7.76388889e-01],Good
0.46025081747813334,[1.30945859e+01 6.40131808e+31 6.30034722e-01],Good
0.6406865461686342,[1.25395233e+01 4.30661789e+31 6.54398148e-01],Good
0.4503434770611635,[1.35761424e+01 6.43744402e+31 6.69068287e-01],Good
0.4752368804050139,[1.36876572e+01 5.07710318e+31 7.24344136e-01],Good
0.4250040517434517,[1.32428537e+01 6.07026435e+31 6.53612076e-01],Good
0.4695745023206873,[1.10274789e+01 7.35800901e+31 6.23453575e-01],Good
0.15129560269398978,[1.38193697e+01 5.51476707e+31 6.80863394e-01],Good
0.1804880067001413,[1.23634880e+01 5.20580010e+31 6.62248693e-01],Good
0.45808673555236346,[1.21105329e+01 4.99667028e+31 6.83462649e-01],Good
0.2940280729917123,[1.29597735e+01 5.80186583e+31 6.61074719e-01],Good
0.1903369091692707,[1.23936131e+01 5.26506880e+31 6.76000005e-01],Good
0.5170745802928903,[1.38704250e+01 4.77725587e+31 6.83574728e-01],Good
0.1578164731175138,[1.23530229e+01 5.60419005e+31 6.67768682e-01],Good
0.20766353357056067,[1.32969740e+01 5.61810268e+31 6.64587173e-01],Good
0.135978440007962,[1.26194533e+01 5.35332727e+31 6.73146797e-01],Good
0.2285063887855232,[1.34977426e+01 5.77572282e+31 6.85603890e-01],Good
0.12664247670496565,[1.26470517e+01 5.34828078e+31 6.68087492e-01],Good
0.17964954804305988,[1.37042269e+01 5.20672670e+31 6.80296440e-01],Good
0.13659577052670113,[1.26908239e+01 5.50482421e+31 6.70900621e-01],Good
0.1706621528411798,[1.14855163e+01 5.28952111e+31 6.60559880e-01],Good
0.1339617535199864,[1.32359064e+01 5.45845558e+31 6.75787515e-01],Good
0.1584705735566977,[1.29774503e+01 5.26855154e+31 6.73780582e-01],Good
0.12950450016673998,[1.27624805e+01 5.44575604e+31 6.71620611e-01],Good
0.14079272198225334,[1.31441724e+01 5.48166767e+31 6.70516948e-01],Good
0.1283478972753913,[1.27506331e+01 5.38541237e+31 6.72489335e-01],Good
0.14062307276118502,[1.22042039e+01 5.32784388e+31 6.65677444e-01],Good
0.12932080232731546,[1.29779807e+01 5.42580265e+31 6.73259997e-01],Good
0.13555230547855712,[1.28212965e+01 5.32724116e+31 6.70937271e-01],Good
0.12812050647863116,[1.27771845e+01 5.41612732e+31 6.71449776e-01],Good
0.6286597830527847,[ 1.00000000e+01  4.90035308e+31 -7.00000000e-01],Good
0.6555945549924902,[ 1.47500000e+01  4.90035308e+31 -7.00000000e-01],Good
0.6041255043081089,[ 1.00000000e+01  8.42648716e+31 -7.00000000e-01],Good
0.605186283867137,[ 1.00000000e+01  8.42648716e+31 -4.75000000e-01],Good
0.6468637158040758,[ 5.25000000e+00  9.60186518e+31 -5.50000000e-01],Good
0.6273318674645982,[ 7.62500000e+00  8.42648716e+31 -5.87500000e-01],Good
0.6479798908536212,[ 8.41666667e+00  1.19526212e+32 -4.75000000e-01],Good
0.6862116341403214,[ 9.60416667e+00  6.66342012e+31 -6.43750000e-01],Good
0.6604774503015308,[ 1.00000000e+01  6.66342012e+31 -7.00000000e-01],Good
0.6041264881499766,[ 8.81250000e+00  8.42648716e+31 -6.43750000e-01],Good
0.6026697510780337,[ 1.00000000e+01  8.42648716e+31 -5.87500000e-01],Good
0.624895155177742,[ 9.20833333e+00  1.01895542e+32 -5.87500000e-01],Good
0.6091342435381731,[ 9.40625000e+00  9.30802068e+31 -6.15625000e-01],Good
0.6135672825938525,[ 9.80208333e+00  7.54495364e+31 -6.71875000e-01],Good
0.6040348808113123,[ 9.50520833e+00  8.86725392e+31 -6.29687500e-01],Good
0.613987392969036,[ 1.08576389e+01  8.72033166e+31 -6.34375000e-01],Good
0.6019062510194257,[ 9.32378472e+00  8.49994828e+31 -6.41406250e-01],Good
0.6025045446187512,[ 9.21932870e+00  8.76930575e+31 -5.39062500e-01],Good
0.6067914012831289,[ 9.52353395e+00  8.26324021e+31 -5.48958333e-01],Good
0.6024702997034491,[ 9.50978974e+00  8.71625049e+31 -6.09505208e-01],Good
0.6014573980233122,[ 8.70193544e+00  8.89718252e+31 -6.05815972e-01],Good
0.6011373223579796,[ 8.05290316e+00  9.13253021e+31 -6.14973958e-01],Good
0.6012042572755933,[ 8.70498971e+00  8.79651357e+31 -7.04861111e-01],Good
0.6014494731148221,[ 7.87799533e+00  8.90307755e+31 -6.97989005e-01],Good
0.6001389286324665,[ 7.10014075e+00  9.38813260e+31 -7.03809799e-01],Good
0.6003985602863768,[ 5.98831876e+00  9.83222476e+31 -7.35011574e-01],Good
0.600462053028884,[ 8.02736042e+00  9.30837337e+31 -6.51107575e-01],Good
0.6012984922055284,[ 6.74861318e+00  9.75617721e+31 -6.08399777e-01],Good
0.6006097102307753,[ 8.21589558e+00  9.03642948e+31 -6.80745778e-01],Good
0.5996888723825908,[ 7.50936133e+00  9.35609343e+31 -7.42134809e-01],Good
0.5996022528502151,[ 7.23759042e+00  9.46787504e+31 -8.05715235e-01],Good
0.598237174637358,[ 6.69416548e+00  9.73982453e+31 -7.59675962e-01],Good
0.5964200488208318,[ 5.93330043e+00  1.00915221e+32 -7.99141054e-01],Good
1,[ 5.48666064e+00  9.98997976e+31 -8.88003151e-01],Good
0.5994854424692898,[ 7.39218548e+00  9.47877497e+31 -7.10331469e-01],Good
0.5993227357968907,[ 6.60857680e+00  9.97064877e+31 -8.39648705e-01],Good
0.5966679662282851,[ 6.05178472e+00  1.02260888e+32 -7.60365584e-01],Good
1,[ 5.00358916e+00  1.07133981e+32 -8.89105426e-01],Good
0.5984461141089424,[ 6.79503640e+00  9.78743076e+31 -7.55024958e-01],Good
0.5989895998537949,[ 5.91150423e+00  1.00993790e+32 -7.03372358e-01],Good
0.5975522070114336,[ 6.08577237e+00  1.00671964e+32 -7.37441445e-01],Good
0.5957813451560837,[ 5.25220195e+00  1.04691074e+32 -7.76273763e-01],Good
0.595950638599255,[ 4.48078473e+00  1.08099458e+32 -7.86898166e-01],Good
0.5943762663307112,[ 5.40575236e+00  1.04572824e+32 -8.19745489e-01],Good
1,[ 5.06574236e+00  1.06523255e+32 -8.60897511e-01],Good
1,[ 5.00905177e+00  1.04525191e+32 -8.36407954e-01],Good
0.5960238913367017,[ 5.79110148e+00  1.02826964e+32 -7.79376176e-01],Good
0.5941390754737917,[ 5.03273677e+00  1.07145355e+32 -7.84455898e-01],Good
0.5932366005852556,[ 4.58245494e+00  1.10260422e+32 -7.77113321e-01],Good
0.5928592590233079,[ 4.36917135e+00  1.10189250e+32 -8.02712206e-01],Good
1,[ 3.65820628e+00  1.13870393e+32 -8.14380221e-01],Good
1,[ 4.31938382e+00  1.11990590e+32 -8.23440247e-01],Good
0.5945221917079746,[ 5.01899742e+00  1.06515953e+32 -7.88065384e-01],Good
0.5916566362921531,[ 4.55258835e+00  1.10165711e+32 -8.11648626e-01],Good
1,[ 4.31938382e+00  1.11990590e+32 -8.23440247e-01],Good
0.5947653165234079,[ 3.59705740e+00  1.15837430e+32 -7.74570613e-01],Good
0.5932162154747672,[ 4.95357862e+00  1.07388976e+32 -8.08451770e-01],Good
1,[ 4.66777061e+00  1.08235536e+32 -8.38095080e-01],Good
0.5928416104763938,[ 4.60378386e+00  1.09754200e+32 -7.92358761e-01],Good
0.592319959231784,[ 4.06345042e+00  1.12683798e+32 -7.96027959e-01],Good
0.5915080907627104,[ 4.44404373e+00  1.11546556e+32 -7.97311358e-01],Good
0.5910525607474453,[ 4.48147992e+00  1.12225210e+32 -7.94610934e-01],Good
1,[ 4.12789527e+00  1.13628945e+32 -8.09166252e-01],Good
0.5921465519592845,[ 4.48481171e+00  1.10722887e+32 -7.96560633e-01],Good
0.5923566034361658,[ 4.94913624e+00  1.09392073e+32 -8.05852170e-01],Good
0.5917294683333473,[ 4.28487187e+00  1.11860867e+32 -7.98484012e-01],Good
0.5906876096976633,[ 4.39448172e+00  1.12111638e+32 -8.06601747e-01],Good
0.5899896488519671,[ 4.34931672e+00  1.12806014e+32 -8.11622304e-01],Good
0.5907388280831347,[ 4.63738479e+00  1.11603756e+32 -8.13437231e-01],Good
0.5896665828032154,[ 4.42619928e+00  1.14257609e+32 -8.01465020e-01],Good
0.5889849408671328,[ 4.36300474e+00  1.16303558e+32 -7.96373217e-01],Good
1,[ 4.41832425e+00  1.14917009e+32 -8.19677568e-01],Good
0.5903822618422088,[ 4.46569100e+00  1.12898160e+32 -8.00877592e-01],Good
0.5886705073812071,[ 4.14795685e+00  1.16401398e+32 -7.92478178e-01],Good
0.5877993797167703,[ 3.90324288e+00  1.18800219e+32 -7.81998651e-01],Good
0.5870916715634216,[ 3.94468523e+00  1.19041702e+32 -7.92451856e-01],Good
1,[ 3.68418234e+00  1.22113473e+32 -7.88238988e-01],Good
0.5858491270419186,[ 3.79130517e+00  1.23290972e+32 -7.68926845e-01],Good
0.5839492396474122,[ 3.51229940e+00  1.28533451e+32 -7.47579116e-01],Good
0.5845478604320274,[ 3.21048027e+00  1.27946690e+32 -7.51646532e-01],Good
0.5822414769298128,[ 3.20840038e+00  1.31547676e+32 -7.45786351e-01],Good
0.5798373876620803,[ 2.86097913e+00  1.37921404e+32 -7.27680201e-01],Good
0.5798017096641473,[ 2.44448730e+00  1.43892662e+32 -6.92152043e-01],Good
1,[ 1.69438834e+00  1.56318142e+32 -6.42002137e-01],Good
0.5775742003824054,[ 2.66803029e+00  1.45618321e+32 -6.93294375e-01],Good
0.5747838892533385,[ 2.39680530e+00  1.54454136e+32 -6.64118297e-01],Good
1,[ 1.62254842e+00  1.62312017e+32 -6.41721245e-01],Good
0.5806101027641375,[ 3.03986165e+00  1.36978093e+32 -7.21114648e-01],Good
0.5758110639175679,[ 2.09498616e+00  1.53867375e+32 -6.68185713e-01],Good
0.5731713939045506,[ 1.76320671e+00  1.63554712e+32 -6.21957167e-01],Good
1,[ 1.21432051e+00  1.76371366e+32 -5.69095650e-01],Good
0.5688200086918885,[ 1.72551148e+00  1.70691488e+32 -6.10688741e-01],Good
0.5631202257304027,[ 1.36602357e+00  1.84090901e+32 -5.69957090e-01],Good
0.565357301310119,[ 1.58903756e+00  1.80865791e+32 -5.69169323e-01],Good
1,[ 1.00000000e+00  1.97886799e+32 -5.09937423e-01],Good
0.5709513554415354,[ 1.98478062e+00  1.65312302e+32 -6.25573078e-01],Good
0.5640646517667447,[ 1.53002112e+00  1.89957950e+32 -5.54509161e-01],Good
1,[ 1.00527421e+00  2.04630792e+32 -5.03517304e-01],Good
0.5674779182749072,[ 1.73990402e+00  1.75141925e+32 -5.95059135e-01],Good
0.5600442083605006,[ 1.25015081e+00  1.94801170e+32 -5.34031248e-01],Good
1,[ 1.00527421e+00  2.04630792e+32 -5.03517304e-01],Good
0.5590680305640355,[ 1.17509277e+00  1.98367557e+32 -5.36495676e-01],Good
1,[ 1.00000000e+00  2.07118439e+32 -5.20158852e-01],Good
1,[ 1.00000000e+00  1.94881801e+32 -5.39146848e-01],Good
0.5621098441163616,[ 1.39688842e+00  1.91188913e+32 -5.50668583e-01],Good
0.5597574390614108,[ 1.18206443e+00  2.05480859e+32 -5.10839914e-01],Good
1,[ 1.00798359e+00  2.07910810e+32 -5.03575976e-01],Good
0.5607014658488512,[ 1.29966221e+00  1.95369387e+32 -5.38895431e-01],Good
0.5582803635830109,[ 1.10520980e+00  2.03730336e+32 -5.15349128e-01],Good
1,[ 1.00798359e+00  2.07910810e+32 -5.03575976e-01],Good
0.5589395512648362,[ 1.05809386e+00  2.10251331e+32 -5.07758564e-01],Good
1,[ 1.04353319e+00  2.02751957e+32 -5.28895664e-01],Good
0.5591048369112115,[ 1.14743162e+00  2.04798633e+32 -5.15353852e-01],Good
1,[ 1.07816600e+00  2.03434182e+32 -5.24381727e-01],Good
0.5588065330814876,[ 1.13011522e+00  2.04457521e+32 -5.17610820e-01],Good
0.5592735317429709,[ 1.02051981e+00  2.13925235e+32 -4.90649999e-01],Good
0.5586857079661462,[ 1.13644953e+00  2.02256976e+32 -5.25034257e-01],Good
0.5592204325895442,[ 1.18975584e+00  1.96711891e+32 -5.30904239e-01],Good
0.5586332492452724,[ 1.09100936e+00  2.06866471e+32 -5.13544983e-01],Good
0.5581981249972094,[ 1.09166391e+00  2.04111668e+32 -5.18341424e-01],Good
1,[ 1.07243826e+00  2.03938742e+32 -5.18706726e-01],Good
0.5581111026454525,[ 1.05547251e+00  2.07548674e+32 -5.06456100e-01],Good
0.5580174564711187,[ 1.01498400e+00  2.10194523e+32 -4.97167021e-01],Good
0.5576136618847987,[ 1.05022912e+00  2.05157880e+32 -5.07026733e-01],Good
0.5572322247720303,[ 1.02983899e+00  2.04303585e+32 -5.03767608e-01],Good
0.5574551979942903,[ 1.00000000e+00  2.08676182e+32 -4.97501575e-01],Good
0.5577379581308104,[ 1.00000000e+00  2.11337858e+32 -4.80616045e-01],Good
0.5569474354812259,[ 1.00490867e+00  2.06017227e+32 -4.90756463e-01],Good
0.5567269273022366,[ 1.00000000e+00  2.03928579e+32 -4.87551184e-01],Good
1,[ 1.01989266e+00  1.99934372e+32 -5.11930866e-01],Good
0.5572885661641611,[ 1.00497317e+00  2.08486987e+32 -4.88444750e-01],Good
0.5569590582478593,[ 1.02320811e+00  2.02469919e+32 -4.89007454e-01],Good
0.5574141559203303,[ 1.03039157e+00  1.98647735e+32 -4.98439414e-01],Good
0.5570191475125672,[ 1.01132777e+00  2.06027174e+32 -4.90943416e-01],Good
0.8099126596197559,[4.00000000e+00 3.31091403e+31 7.00000000e-01],Good
0.7943045972552172,[6.25000000e+00 3.31091403e+31 7.00000000e-01],Good
0.38520249357788194,[6.25000000e+00 5.64496881e+31 7.00000000e-01],Good
1,[6.25000000e+00 5.64496881e+31 9.25000000e-01],Good
0.8168247334829989,[4.75000000e+00 2.53289577e+31 4.75000000e-01],Good
0.7803122551308013,[5.12500000e+00 3.31091403e+31 5.87500000e-01],Good
0.5732646957423717,[7.75000000e+00 4.86695055e+31 6.25000000e-01],Good
0.17758948942568853,[6.50000000e+00 5.90430823e+31 5.75000000e-01],Good
0.45580151257809565,[6.62500000e+00 7.20100534e+31 5.12500000e-01],Good
0.4199192532827235,[8.54166667e+00 7.63323770e+31 6.79166667e-01],Good
0.39197488543997516,[6.44444444e+00 7.92139261e+31 6.77777778e-01],Good
0.508266003469882,[4.25462963e+00 5.34720874e+31 6.22685185e-01],Good
0.37696958117838,[7.46990741e+00 7.06173046e+31 6.65046296e-01],Good
0.6691464469136637,[7.03549383e+00 4.48594573e+31 6.15586420e-01],Good
0.35673639506585564,[6.59220679e+00 7.06253089e+31 6.62229938e-01],Good
0.462344249613309,[7.45807613e+00 7.70741091e+31 5.68184156e-01],Good
0.15143617957587652,[6.55201903e+00 6.16057934e+31 6.67046039e-01],Good
0.1581496623579305,[5.62624314e+00 5.68988185e+31 6.04471022e-01],Good
0.5873567316007453,[5.85996799e+00 4.77398205e+31 5.68781436e-01],Good
0.2733076166709313,[6.40914709e+00 6.49039368e+31 6.38867813e-01],Good
0.31216347194879723,[6.04302769e+00 5.34611926e+31 5.92143561e-01],Good
0.193472334574055,[6.31761724e+00 6.20432508e+31 6.27186750e-01],Good
0.14894882200499115,[6.13455754e+00 5.63218787e+31 6.03824624e-01],Good
0.3121620830141627,[6.04302769e+00 5.34611926e+31 5.92143561e-01],Good
0.30007597091473237,[5.70854648e+00 5.75079114e+31 6.75227790e-01],Good
0.1229060476684527,[6.30213662e+00 5.86592896e+31 6.00056948e-01],Good
0.16255213966306004,[7.03289899e+00 6.08258226e+31 6.42814052e-01],Good
0.12866087020982753,[5.97790710e+00 5.78805695e+31 6.14056779e-01],Good
0.1779678019849953,[5.72438181e+00 5.36353652e+31 5.44912862e-01],Good
0.13069084243728624,[6.34510973e+00 5.96131863e+31 6.36512745e-01],Good
0.15953500077885052,[6.28221142e+00 6.11134849e+31 6.29926357e-01],Good
0.12447112634901103,[6.17147101e+00 5.75197803e+31 6.10350057e-01],Good
0.11298067143258905,[5.95590010e+00 5.64265733e+31 5.79796445e-01],Good
0.12375761998152213,[5.76129528e+00 5.48332667e+31 5.51438295e-01],Good
0.10675979694983617,[6.30843138e+00 5.71898592e+31 5.79412187e-01],Good
0.11254569046812268,[6.47369352e+00 5.68445041e+31 5.62089891e-01],Good
0.11611188316531507,[6.20617439e+00 5.73307011e+31 5.62493662e-01],Good
0.09535987069254248,[6.01153396e+00 5.53054661e+31 5.47744582e-01],Good
0.10313187496875031,[5.86623263e+00 5.36285544e+31 5.21588399e-01],Good
0.14080102347324241,[5.97773590e+00 5.52838979e+31 5.75475147e-01],Good
0.10191135235083093,[6.14906477e+00 5.68190003e+31 5.65739033e-01],Good
0.10878588829094926,[6.35678664e+00 5.64496439e+31 5.48800757e-01],Good
0.10086092469183905,[6.25656500e+00 5.64438762e+31 5.56549679e-01],Good
0.08784682779904729,[5.96967777e+00 5.51890359e+31 5.33943342e-01],Good
0.0831613187080229,[5.80030096e+00 5.41886242e+31 5.11208920e-01],Good
0.08651978842740116,[5.89653518e+00 5.38063107e+31 5.11263087e-01],Good
0.13052093395239162,[5.54901506e+00 5.24230579e+31 4.90261380e-01],Good
0.08979651042222947,[6.07967752e+00 5.54386716e+31 5.39977604e-01],Good
0.07593690025265776,[5.83947515e+00 5.36502716e+31 4.93888492e-01],Good
0.0674727587495082,[5.75344575e+00 5.28226743e+31 4.66960447e-01],Good
0.08807571131237735,[5.55384374e+00 5.17730679e+31 4.52977365e-01],Good
0.07490087321903482,[5.68530219e+00 5.26894688e+31 4.74727425e-01],Good
0.06477556986318966,[5.59616408e+00 5.26608675e+31 4.57334775e-01],Good
0.05465192999000601,[5.44597853e+00 5.20881459e+31 4.30370618e-01],Good
0.06207032321776973,[5.45618335e+00 5.08782352e+31 4.03496741e-01],Good
0.052947057301973355,[5.41843624e+00 5.11699015e+31 3.92491112e-01],Good
0.05331541380349114,[5.28500326e+00 5.04101178e+31 3.51372956e-01],Good
0.053550513420218326,[5.12695300e+00 4.99348474e+31 3.50611867e-01],Good
0.048489384798067636,[5.20472849e+00 5.12503614e+31 3.78818991e-01],Good
0.055265071097082674,[5.07900107e+00 5.14364245e+31 3.66480117e-01],Good
0.0485944584348299,[5.05409995e+00 4.94819275e+31 3.17577362e-01],Good
0.058670863300580134,[5.32455679e+00 5.13332795e+31 3.75313110e-01],Good
0.05113236647167607,[5.17635395e+00 5.02844554e+31 3.56787178e-01],Good
0.04658658639585167,[4.87168536e+00 4.95079281e+31 3.09631242e-01],Good
0.04502324162162874,[4.59830992e+00 4.86769414e+31 2.68201306e-01],Good
0.04519901611946653,[4.72840497e+00 4.93216981e+31 2.86277929e-01],Good
0.04402761791469212,[4.63352897e+00 5.00174064e+31 3.04621455e-01],Good
0.041644920526490936,[4.42324347e+00 5.02851458e+31 2.98143502e-01],Good
0.046865233904595294,[3.96191041e+00 4.76054955e+31 1.89596166e-01],Good
0.04078779955965228,[4.27261493e+00 4.85167120e+31 2.36901873e-01],Good
0.04055761095792798,[4.13437392e+00 4.89975014e+31 2.49219859e-01],Good
0.04445330633159439,[3.83735840e+00 4.88354030e+31 2.30690824e-01],Good
0.03491342047974744,[3.95517830e+00 4.98559647e+31 2.54642183e-01],Good
0.030554054436069622,[3.63361248e+00 5.04454763e+31 2.47862621e-01],Good
0.04255226276002788,[3.60382408e+00 4.83546473e+31 1.91179399e-01],Good
0.03840094926947557,[4.21838863e+00 4.98025212e+31 2.71402476e-01],Good
0.0310513165440387,[3.71830175e+00 5.09802873e+31 2.75421431e-01],Good
0.03706079632171466,[3.57916132e+00 5.18213552e+31 2.80571160e-01],Good
0.029321418150611733,[3.06899508e+00 5.23622247e+31 2.64500998e-01],Good
0.027724906842029662,[2.49429830e+00 5.36420764e+31 2.61050260e-01],Good
0.018768009318441803,[2.98498037e+00 5.15572049e+31 2.42318381e-01],Good
0.020840737312120772,[2.68788990e+00 5.14251297e+31 2.23191991e-01],Good
0.017917981022296692,[2.35695902e+00 5.27828845e+31 2.25399410e-01],Good
0.013435884719287583,[1.67628765e+00 5.36841831e+31 2.00388399e-01],Good
0.031035291995957115,[1.13676507e+00 5.54768332e+31 2.21308739e-01],Good
0.02113827389412659,[3.00940063e+00 5.17033156e+31 2.41224150e-01],Good
0.018551209326769347,[2.61948080e+00 5.09877259e+31 1.94903694e-01],Good
0.011096651363822763,[1.84443192e+00 5.24494270e+31 1.83849499e-01],Good
0.00833925978777339,[1.26194756e+00 5.28224827e+31 1.55162173e-01],Good
0.022204393699853053,[1.00000000e+00 5.34390563e+31 1.24651130e-01],Good
0.013068063907625826,[2.41877619e+00 5.20276677e+31 2.12901568e-01],Good
0.02920732442579843,[1.00000000e+00 5.47018298e+31 1.84064399e-01],Good
0.008645258458687355,[2.20257563e+00 5.19162519e+31 1.92193870e-01],Good
0.02935271334340961,[2.24591194e+00 5.08267518e+31 1.73116675e-01],Good
0.011610063108755564,[1.81869372e+00 5.29698253e+31 1.93570468e-01],Good
0.007406839491077566,[1.10336843e+00 5.31113722e+31 1.47716106e-01],Good
0.03838197256102016,[1.00000000e+00 5.36532244e+31 1.15123375e-01],Good
0.009685518633988921,[1.22656736e+00 5.22635792e+31 1.36477631e-01],Good
0.007134183772610769,[1.37459895e+00 5.24401407e+31 1.50750841e-01],Good
0.04358175812606435,[1.00000000e+00 5.36664119e+31 1.10225543e-01],Good
0.009799672780121282,[1.72460697e+00 5.23537919e+31 1.71701788e-01],Good
0.008116243743437668,[1.78858729e+00 5.21781963e+31 1.71472355e-01],Good
0.007427024219188949,[1.23898369e+00 5.27757565e+31 1.49233473e-01],Good
0.008437639956973442,[1.31827326e+00 5.26313117e+31 1.52956507e-01],Good
0.5798557318202926,[4.00000000e+00 3.31091403e+31 0.00000000e+00],Good
0.4581792371618507,[6.25000000e+00 3.31091403e+31 0.00000000e+00],Good
0.6093314366079334,[6.25000000e+00 5.64496881e+31 0.00000000e+00],Good
0.7566497264268757,[6.25000000e+00 3.31091403e+31 5.00000000e-01],Good
0.6036459262192542,[ 4.75000000e+00  4.86695055e+31 -5.00000000e-01],Good
0.7798626685848897,[ 3.75000000e+00  2.01421693e+31 -3.33333333e-01],Good
0.5478907133909608,[ 5.62500000e+00  4.73728084e+31 -8.33333333e-02],Good
0.7825194498495198,[5.83333333e+00 2.70578872e+31 4.44444444e-01],Good
0.5557181943632803,[ 5.02083333e+00  4.32666009e+31 -2.63888889e-01],Good
0.6171197764659049,[ 7.26388889e+00  4.93898928e+31 -2.31481481e-01],Good
0.30872778635678133,[ 4.81597222e+00  3.71793284e+31 -5.78703704e-02],Good
0.5394550826532212,[6.10648148e+00 3.51742505e+31 1.69753086e-01],Good
0.792053646952926,[5.82330247e+00 2.29356711e+31 1.57921811e-01],Good
0.1410449775967344,[ 5.67457562e+00  4.12635241e+31 -2.30195473e-02],Good
0.21757993652758356,[ 5.05388374e+00  3.91937447e+31 -2.23679698e-01],Good
0.5119524302735078,[ 4.11295439e+00  4.53152578e+31 -2.03046411e-01],Good
0.29428744162861564,[ 5.71573860e+00  3.61606697e+31 -5.07616027e-02],Good
0.38773152639853803,[ 6.14682642e+00  4.05659639e+31 -1.40436862e-01],Good
0.24429727003347645,[ 5.14868577e+00  3.80259873e+31 -7.85119932e-02],Good
0.41727830113085507,[ 4.86902482e+00  4.28281677e+31 -1.66045890e-01],Good
0.22620334052880153,[ 5.50406015e+00  3.78275442e+31 -7.95826745e-02],Good
0.3499945182573805,[ 5.67299391e+00  4.08305547e+31 -1.39009287e-01],Good
0.17258738567551313,[ 5.27976280e+00  3.87271291e+31 -9.36363166e-02],Good
0.3493758177939502,[ 5.16808796e+00  4.16287211e+31 -1.47307700e-01],Good
0.15748760108947113,[ 5.42006710e+00  3.87778384e+31 -9.65139309e-02],Good
0.23802519685009849,[5.86238661e+00 3.99852497e+31 8.15665016e-02],Good
0.15031731240109192,[ 5.25600946e+00  3.93916210e+31 -1.47368148e-01],Good
0.21935631960578694,[ 5.62067198e+00  4.08948598e+31 -8.42981011e-02],Good
0.13993238341618297,[ 5.36499010e+00  3.92690618e+31 -9.13017627e-02],Good
0.19603511644949134,[ 5.44364968e+00  4.11716328e+31 -7.79457079e-02],Good
0.13523025663388588,[ 5.42596275e+00  3.93762870e+31 -9.18718752e-02],Good
0.1210499508100984,[5.72100952e+00 4.05476277e+31 9.90602477e-03],Good
0.14510719005826112,[5.95350954e+00 4.11256310e+31 8.85431113e-02],Good
0.20522884316013312,[ 5.33339929e+00  3.81984602e+31 -9.24921948e-02],Good
0.12129845762104252,[ 5.58928154e+00  4.04972581e+31 -4.03877092e-02],Good
0.11143338355881494,[5.79251243e+00 4.10117201e+31 9.73272299e-03],Good
0.10495759275968597,[6.00627360e+00 4.18830492e+31 6.02499659e-02],Good
0.09226206799725556,[6.11841369e+00 4.25756696e+31 1.11717396e-01],Good
0.07989698329735762,[6.46463916e+00 4.41753609e+31 2.13512032e-01],Good
0.09815299425758639,[6.53866665e+00 4.39067670e+31 2.29499724e-01],Good
0.08145388967482226,[6.95204342e+00 4.60958237e+31 3.25601790e-01],Good
0.23431717783897932,[7.29729255e+00 4.75689186e+31 4.52159065e-01],Good
0.08620172175974483,[6.32902834e+00 4.33045165e+31 1.58227241e-01],Good
0.08326435250828956,[6.62514063e+00 4.51437004e+31 2.35394317e-01],Good
0.07870662856168376,[7.03218714e+00 4.69720735e+31 3.58111519e-01],Good
0.1287314748077325,[7.38376653e+00 4.88058520e+31 4.58053658e-01],Good
0.12127161742822634,[7.00743918e+00 4.63518050e+31 3.62755910e-01],Good
0.07378929404334567,[6.72071527e+00 4.54457266e+31 2.67234715e-01],Good
0.07705539136196626,[6.52631762e+00 4.49662836e+31 2.33637054e-01],Good
0.0701503022553841,[7.05484086e+00 4.74140282e+31 3.59143494e-01],Good
0.07712135778887219,[7.34994171e+00 4.90333619e+31 4.31959224e-01],Good
0.08755718434694015,[6.50239536e+00 4.49119521e+31 2.15231990e-01],Good
0.07167512581663349,[6.89973919e+00 4.64570432e+31 3.22391636e-01],Good
0.07999367084578635,[7.25721259e+00 4.79115817e+31 3.98876176e-01],Good
0.07270038509089294,[6.70904136e+00 4.57026081e+31 2.74946835e-01],Good
0.07147047005627483,[7.05503234e+00 4.76033931e+31 3.70419928e-01],Good
0.08535083135951682,[7.29736690e+00 4.86137015e+31 4.26356537e-01],Good
0.07051440426090394,[6.85612275e+00 4.64303815e+31 3.12799260e-01],Good
0.0696303497420514,[7.07759144e+00 4.78414920e+31 3.72516818e-01],Good
0.07004784802407271,[7.16651756e+00 4.85337165e+31 3.97579409e-01],Good
0.07126379739781841,[6.93733769e+00 4.68538747e+31 3.25886453e-01],Good
0.06996325227614864,[6.96676135e+00 4.70412543e+31 3.37019822e-01],Good
0.07104992206381477,[7.21000635e+00 4.84341349e+31 3.99654162e-01],Good
0.06986689978764382,[6.94459365e+00 4.69313198e+31 3.34512986e-01],Good
0.07017166361665694,[6.93779010e+00 4.71286826e+31 3.36889590e-01],Good
0.06978392099358588,[7.02557817e+00 4.73426918e+31 3.53580018e-01],Good
0.9189497374353843,[ 2.0000000e+00  9.6774213e+30 -5.0000000e-01],Good
0.9163948056336172,[ 2.7500000e+00  9.6774213e+30 -5.0000000e-01],Good
0.8499551386649804,[ 2.75000000e+00  1.54441799e+31 -5.00000000e-01],Good
0.8752632353583424,[2.75000000e+00 1.54441799e+31 0.00000000e+00],Good
0.8398399834814905,[ 3.50000000e+00  1.73664327e+31 -1.66666667e-01],Good
0.7954984394167719,[4.25000000e+00 2.12109384e+31 5.55111512e-17],Good
0.7737798845457129,[3.75000000e+00 2.50554442e+31 1.66666667e-01],Good
0.7557247327895815,[4.25000000e+00 3.27444556e+31 5.00000000e-01],Good
0.6154417146957165,[4.75000000e+00 3.08222027e+31 1.48029737e-16],Good
0.22846193700592055,[5.75000000e+00 3.85112142e+31 2.22044605e-16],Good
0.756537648117213,[6.75000000e+00 4.62002256e+31 8.33333333e-01],Good
1,[6.91666667e+00 5.70929918e+31 8.88888889e-01],Good
0.7029140769715441,[4.91666667e+00 3.01814518e+31 2.22222222e-01],Good
0.765054849088235,[ 3.19444444e+00  2.14245221e+31 -3.51851852e-01],Good
0.7148585634970781,[5.86111111e+00 4.00062997e+31 5.37037037e-01],Good
0.1622062849066882,[6.76851852e+00 3.97215215e+31 6.17283951e-03],Good
0.6466316338408917,[ 8.02777778e+00  4.32100545e+31 -2.40740741e-01],Good
0.27161094674983,[ 5.76234568e+00  3.22698252e+31 -3.84773663e-01],Good
0.624278408279662,[ 7.27057613e+00  4.34869222e+31 -4.74622771e-01],Good
0.5687765776319595,[ 6.68209877e+00  4.01605546e+31 -3.00411523e-01],Good
0.5366058413165656,[5.50514403e+00 3.35078194e+31 4.80109739e-02],Good
0.3620647180575267,[ 5.79938272e+00  3.51710032e+31 -3.90946502e-02],Good
0.3713041222129575,[ 6.38786008e+00  3.84973708e+31 -2.13305898e-01],Good
0.26381084398870247,[ 5.94650206e+00  3.60025951e+31 -8.26474623e-02],Good
0.3270992613450613,[6.54766804e+00 4.38870619e+31 3.33790581e-01],Good
0.2285152308101679,[ 5.95867627e+00  3.51741344e+31 -2.05132602e-01],Good
0.18169184373908143,[ 6.37162780e+00  3.96019850e+31 -4.99923792e-02],Good
0.10394260090304985,[6.63475461e+00 4.33823460e+31 1.75919575e-01],Good
0.08698510004213322,[6.97279378e+00 4.74864518e+31 3.66445664e-01],Good
0.3710901168358458,[7.65862673e+00 4.60287581e+31 2.15084083e-01],Good
0.15407350656547336,[6.22715668e+00 4.03906001e+31 5.37710207e-02],Good
0.15482249725603403,[6.94068485e+00 4.54637307e+31 3.34252062e-01],Good
0.32970538873352984,[6.65857169e+00 4.91723336e+31 4.96806325e-01],Good
0.11941638467806737,[6.74103181e+00 4.20842245e+31 1.28831211e-01],Good
0.14959177211260466,[6.35330333e+00 4.11771203e+31 3.17798683e-02],Good
0.11752084306600319,[7.15092927e+00 4.67745976e+31 2.97600141e-01],Good
0.16754662984726443,[7.55653324e+00 4.97197290e+31 4.96804809e-01],Good
0.12414210537737369,[6.65411081e+00 4.33127725e+31 1.48036103e-01],Good
0.08795118957948911,[7.25572576e+00 4.75840768e+31 3.80548574e-01],Good
0.17824275210031848,[7.51193406e+00 5.24791930e+31 5.67565042e-01],Good
0.09669717921559973,[6.93375737e+00 4.46829666e+31 2.38514669e-01],Good
0.1348528390828343,[6.95725535e+00 4.63943992e+31 3.59405796e-01],Good
0.09051466548913223,[7.10251079e+00 4.66795480e+31 3.13051555e-01],Good
0.11330182985623893,[7.28692951e+00 4.98170845e+31 4.68182526e-01],Good
0.08706419974888735,[7.02205041e+00 4.59664961e+31 2.95931633e-01],Good
0.10796008332681872,[7.06453585e+00 4.73451351e+31 3.82232359e-01],Good
0.08370112492990645,[7.09301705e+00 4.68459448e+31 3.30346756e-01],Good
0.08613020184218823,[6.80284840e+00 4.59485183e+31 2.81267461e-01],Good
0.08079743449635846,[6.89038908e+00 4.75541139e+31 3.56108288e-01],Good
0.08324343144349078,[6.82455841e+00 4.83479227e+31 3.86196615e-01],Good
0.09341076869848408,[6.88470924e+00 4.60792662e+31 2.78702673e-01],Good
0.08227546214105186,[6.95077265e+00 4.71346554e+31 3.44509916e-01],Good
0.08948009062109452,[7.15327079e+00 4.84079577e+31 4.06042512e-01],Good
0.08273954658569316,[6.89045399e+00 4.65633782e+31 3.12461224e-01],Good
0.08204038960487148,[6.72806009e+00 4.73221535e+31 3.45039529e-01],Good
0.08917319849575267,[6.82236055e+00 4.81105703e+31 3.84643931e-01],Good
0.08116222867248435,[6.87343063e+00 4.69501762e+31 3.30506901e-01],Good
0.9356208459432587,[2.0000000e+00 9.6774213e+30 5.0000000e-01],Good
0.9345491920669382,[2.7500000e+00 9.6774213e+30 5.0000000e-01],Good
0.8950333247176925,[2.75000000e+00 1.54441799e+31 5.00000000e-01],Good
1,[2.75000000e+00 1.54441799e+31 1.00000000e+00],Good
0.9440421304031393,[2.25000000e+00 7.75516844e+30 0.00000000e+00],Good
0.9324297496374919,[2.3750000e+00 9.6774213e+30 2.5000000e-01],Good
0.9036457948821028,[3.25000000e+00 1.35219270e+31 3.33333333e-01],Good
0.8806060177306568,[2.83333333e+00 1.60849308e+31 2.22222222e-01],Good
0.8412231174631861,[2.87500000e+00 1.92886856e+31 8.33333333e-02],Good
0.8300948022155215,[3.54166667e+00 2.24924403e+31 3.61111111e-01],Good
0.7718185967463684,[4.12500000e+00 2.88999499e+31 4.16666667e-01],Good
0.7655151141791385,[3.25000000e+00 2.88999499e+31 3.33333333e-01],Good
0.6835096451770912,[3.25000000e+00 3.65889613e+31 3.33333333e-01],Good
0.30015104859266906,[4.08333333e+00 4.10742180e+31 5.55555556e-02],Good
0.6030821471602714,[ 4.75000000e+00  5.38892370e+31 -1.66666667e-01],Good
0.19459270374786353,[4.76388889e+00 5.17534005e+31 4.53703704e-01],Good
0.3202755660296034,[5.70833333e+00 6.79857580e+31 6.38888889e-01],Good
0.4650778498639605,[3.93981481e+00 5.73777700e+31 1.45061728e-01],Good
0.585130324369034,[5.27469136e+00 6.35479643e+31 1.02880658e-01],Good
0.4911772943969007,[4.76851852e+00 5.68082136e+31 1.60493827e-01],Good
0.5137454276087214,[3.75617284e+00 4.33287121e+31 2.75720165e-01],Good
0.4646862319357211,[4.51543210e+00 5.34383382e+31 1.89300412e-01],Good
0.5849066720889551,[4.96862140e+00 4.01328678e+31 3.20644719e-01],Good
0.4236176881681346,[4.19701646e+00 5.30665444e+31 1.88957476e-01],Good
0.45059820871951795,[4.18072702e+00 4.38244371e+31 2.76177412e-01],Good
0.263693701613011,[4.26440329e+00 4.62279124e+31 2.54458162e-01],Good
0.6051626738014334,[4.54406722e+00 3.96371428e+31 3.20187471e-01],Good
0.08818449912719295,[4.28377915e+00 4.97091940e+31 2.21764975e-01],Good
0.12261704234525428,[4.79138089e+00 5.73861200e+31 5.64395671e-01],Good
0.12662308203302441,[4.96162932e+00 5.96712306e+31 5.72118071e-01],Good
0.28302744577213734,[4.59397069e+00 5.94242959e+31 4.51815441e-01],Good
0.07978904673889131,[4.72140934e+00 5.36711244e+31 4.53231638e-01],Good
0.13858260203135064,[4.23608359e+00 4.75063949e+31 2.54143451e-01],Good
0.09504126539263535,[4.78024289e+00 5.66300217e+31 4.92624416e-01],Good
0.09113016402818563,[4.39890670e+00 4.92874401e+31 2.14018348e-01],Good
0.07852519947922598,[4.15582057e+00 4.51484839e+31 1.00052224e-01],Good
0.25211039535931545,[ 3.84360940e+00  3.94077151e+31 -9.62338717e-02],Good
0.05958489799750111,[4.37509934e+00 4.97317614e+31 3.02680877e-01],Good
0.12007656415379708,[4.36319566e+00 4.99539221e+31 3.47012141e-01],Good
0.15186948849906534,[4.55110701e+00 4.93250525e+31 3.48878185e-01],Good
0.05377037997877043,[4.35061111e+00 4.96131586e+31 2.53543277e-01],Good
0.14282516196369854,[ 3.86627801e+00  4.26578117e+31 -1.57140526e-02],Good
0.05230618474923476,[4.50762651e+00 5.09177962e+31 3.35995215e-01],Good
0.09562813420942007,[4.66640407e+00 5.50266602e+31 4.94760689e-01],Good
0.052056769864915586,[4.28346644e+00 4.76180280e+31 1.98729340e-01],Good
0.06464361773832095,[4.38603671e+00 4.90342271e+31 2.22831012e-01],Good
0.05025631097793937,[4.37783368e+00 4.95573779e+31 2.82718411e-01],Good
0.06868115774470807,[4.42867330e+00 4.91156427e+31 2.91418700e-01],Good
0.0484855609308511,[4.37012666e+00 4.94887797e+31 2.63012133e-01],Good
0.05498986676784923,[4.17999135e+00 4.68583275e+31 1.60311374e-01],Good
0.04908307619295438,[4.42571772e+00 4.99029290e+31 2.92074255e-01],Good
0.05402113382804152,[4.49898560e+00 5.16813630e+31 3.59807192e-01],Good
0.04879343327307262,[4.33734623e+00 4.86338618e+31 2.38998803e-01],Good
0.04971018906553071,[4.37762673e+00 4.91263358e+31 2.46671717e-01],Good
0.04842735199979076,[4.37767847e+00 4.92340963e+31 2.55683390e-01],Good
0.049116146211517386,[4.29771652e+00 4.83348961e+31 2.13055296e-01],Good
0.04824068388161207,[4.39371742e+00 4.95109208e+31 2.72319515e-01],Good
0.05058963874279154,[4.42366880e+00 5.01886694e+31 2.88344556e-01],Good
0.04808282335287872,[4.35892687e+00 4.90225637e+31 2.51335241e-01],Good
0.6022612156984914,[1.00000000e+01 4.90035308e+31 7.00000000e-01],Good
0.4596262043613435,[1.47500000e+01 4.90035308e+31 7.00000000e-01],Good
0.5074243238480434,[1.47500000e+01 8.42648716e+31 7.00000000e-01],Good
0.7777827693255298,[1.47500000e+01 4.90035308e+31 9.25000000e-01],Good
0.5358664244295284,[1.15833333e+01 7.25110913e+31 4.75000000e-01],Good
0.6427419484401581,[1.73888889e+01 8.81827983e+31 5.50000000e-01],Good
0.2759899569606017,[1.18472222e+01 5.87983477e+31 6.62500000e-01],Good
0.6656743964019649,[1.59814815e+01 5.55334088e+31 9.00000000e-01],Good
0.4951849802962577,[1.26828704e+01 6.82666707e+31 5.81250000e-01],Good
0.777322608322881,[1.14367284e+01 3.31141613e+31 5.95833333e-01],Good
0.47804749053811546,[1.39216821e+01 7.14771940e+31 6.73958333e-01],Good
0.5795750563333395,[1.43297325e+01 5.12527110e+31 7.76388889e-01],Good
0.46353458032642336,[1.30945859e+01 6.40131808e+31 6.30034722e-01],Good
0.6334056160644184,[1.25395233e+01 4.30661789e+31 6.54398148e-01],Good
0.45498402869407584,[1.35761424e+01 6.43744402e+31 6.69068287e-01],Good
0.48627065082963805,[1.36876572e+01 5.07710318e+31 7.24344136e-01],Good
0.4333499962545605,[1.32428537e+01 6.07026435e+31 6.53612076e-01],Good
0.4753773197978407,[1.10274789e+01 7.35800901e+31 6.23453575e-01],Good
0.15847516305108456,[1.38193697e+01 5.51476707e+31 6.80863394e-01],Good
0.19917106111848315,[1.23634880e+01 5.20580010e+31 6.62248693e-01],Good
0.46917198908889934,[1.21105329e+01 4.99667028e+31 6.83462649e-01],Good
0.30158999666668584,[1.29597735e+01 5.80186583e+31 6.61074719e-01],Good
0.209032461995591,[1.23936131e+01 5.26506880e+31 6.76000005e-01],Good
0.5029998622095724,[1.38704250e+01 4.77725587e+31 6.83574728e-01],Good
0.16453540467173533,[1.23530229e+01 5.60419005e+31 6.67768682e-01],Good
0.21449866318678468,[1.32969740e+01 5.61810268e+31 6.64587173e-01],Good
0.1536779779960047,[1.26194533e+01 5.35332727e+31 6.73146797e-01],Good
0.23599222344722726,[1.34977426e+01 5.77572282e+31 6.85603890e-01],Good
0.14609097210822275,[1.26470517e+01 5.34828078e+31 6.68087492e-01],Good
0.19808750725378133,[1.37042269e+01 5.20672670e+31 6.80296440e-01],Good
0.14449479392167985,[1.26908239e+01 5.50482421e+31 6.70900621e-01],Good
0.1880818932800853,[1.14855163e+01 5.28952111e+31 6.60559880e-01],Good
0.14299746547075765,[1.32359064e+01 5.45845558e+31 6.75787515e-01],Good
0.1574153914916676,[1.30964013e+01 5.52104644e+31 6.70036955e-01],Good
0.14228793029684839,[1.27386903e+01 5.39525706e+31 6.72369337e-01],Good
0.15695636380369704,[1.31298954e+01 5.55741045e+31 6.77950824e-01],Good
0.14005596136881926,[1.27677626e+01 5.40056320e+31 6.70553325e-01],Good
0.15176615328498388,[1.31374156e+01 5.33135968e+31 6.74906163e-01],Good
0.14038891959752753,[1.28024718e+01 5.46145808e+31 6.71902007e-01],Good
0.6299773905779891,[ 1.00000000e+01  4.90035308e+31 -7.00000000e-01],Good
0.6579240998252405,[ 1.47500000e+01  4.90035308e+31 -7.00000000e-01],Good
0.6103389722032151,[ 1.00000000e+01  8.42648716e+31 -7.00000000e-01],Good
0.6125169403914082,[ 1.00000000e+01  8.42648716e+31 -4.75000000e-01],Good
0.6505450610799537,[ 5.25000000e+00  9.60186518e+31 -5.50000000e-01],Good
0.6325517354849248,[ 7.62500000e+00  8.42648716e+31 -5.87500000e-01],Good
0.6638189267032701,[ 1.23750000e+01  6.07573111e+31 -6.62500000e-01],Good
0.6315532009234662,[ 8.81250000e+00  7.83879815e+31 -6.06250000e-01],Good
0.644808723701012,[ 1.11875000e+01  6.66342012e+31 -6.43750000e-01],Good
0.6327514811077954,[ 9.40625000e+00  7.54495364e+31 -6.15625000e-01],Good
0.6644971145023542,[ 1.00000000e+01  6.66342012e+31 -7.00000000e-01],Good
0.6101829785835888,[ 9.40625000e+00  8.13264265e+31 -6.53125000e-01],Good
0.6094381454268918,[ 1.00000000e+01  8.42648716e+31 -5.87500000e-01],Good
0.6343115125290311,[ 9.60416667e+00  9.99365786e+31 -5.93750000e-01],Good
0.6170802785833559,[ 9.70312500e+00  9.16109842e+31 -6.20312500e-01],Good
0.6190526299295283,[ 9.90104167e+00  7.49597956e+31 -6.73437500e-01],Good
0.6111603212677381,[ 9.75260417e+00  8.74481871e+31 -6.33593750e-01],Good
0.6104872877766452,[ 9.85156250e+00  7.91225927e+31 -6.60156250e-01],Good
0.6087871046662017,[ 9.82682292e+00  8.12039913e+31 -6.53515625e-01],Good
0.618235835319125,[ 9.48871528e+00  8.02653214e+31 -5.62760417e-01],Good
0.6085094856609639,[ 9.87217882e+00  8.32649840e+31 -6.65690104e-01],Good
0.6113420010837844,[ 1.03930845e+01  8.44961381e+31 -6.18012153e-01],Good
0.6088474899882574,[ 9.65295862e+00  8.21188544e+31 -6.44346788e-01],Good
0.6078461118280096,[ 9.56797357e+00  8.01270149e+31 -7.21535012e-01],Good
0.6076794938675525,[ 9.35196036e+00  7.80580866e+31 -7.88552517e-01],Good
0.6066577784730858,[ 9.71434944e+00  7.95658535e+31 -7.60825376e-01],Good
0.6052771364342413,[ 9.74504485e+00  7.82893531e+31 -8.19064670e-01],Good
0.6041531726617526,[ 9.48596644e+00  7.85376245e+31 -8.62022569e-01],Good
1,[ 9.31553819e+00  7.72044411e+31 -9.66276042e-01],Good
1,[ 9.18313561e+00  7.33250588e+31 -9.80736400e-01],Good
0.6069115163492638,[ 9.69991802e+00  8.07800027e+31 -7.44451678e-01],Good
0.6072363452486618,[ 9.93532584e+00  8.03465669e+31 -8.28473428e-01],Good
0.6059525518052034,[ 9.78948447e+00  7.97744469e+31 -8.18493200e-01],Good
1,[ 9.64707915e+00  7.69542803e+31 -9.21935282e-01],Good
0.6060546237434341,[ 9.68670830e+00  7.98235721e+31 -7.88822579e-01],Good
0.6038476767918501,[ 9.66028887e+00  7.79107109e+31 -8.77564381e-01],Good
1,[ 9.64707915e+00  7.69542803e+31 -9.21935282e-01],Good
0.6032519041139772,[ 9.47138230e+00  7.67173454e+31 -8.87274547e-01],Good
1,[ 9.31233121e+00  7.51887947e+31 -9.21665220e-01],Good
1,[ 9.33338022e+00  7.71544341e+31 -9.32176328e-01],Good
0.6044903443985536,[ 9.64212869e+00  7.80056233e+31 -8.47342585e-01],Good
0.6027464141128299,[ 9.43629638e+00  7.74381639e+31 -9.03898413e-01],Good
1,[ 9.33338022e+00  7.71544341e+31 -9.32176328e-01],Good
1,[ 9.55934526e+00  7.61731890e+31 -9.17135658e-01],Good
0.6036796161048223,[ 9.50431114e+00  7.79465156e+31 -8.75800842e-01],Good
0.7986728000979256,[4.00000000e+00 3.31091403e+31 7.00000000e-01],Good
0.7979777741238931,[6.25000000e+00 3.31091403e+31 7.00000000e-01],Good
0.4028090576103449,[6.25000000e+00 5.64496881e+31 7.00000000e-01],Good
1,[6.25000000e+00 5.64496881e+31 9.25000000e-01],Good
0.8121059325314801,[4.75000000e+00 2.53289577e+31 4.75000000e-01],Good
0.7723025372472764,[5.12500000e+00 3.31091403e+31 5.87500000e-01],Good
0.5738826662944916,[7.75000000e+00 4.86695055e+31 6.25000000e-01],Good
0.18202610788629814,[6.50000000e+00 5.90430823e+31 5.75000000e-01],Good
0.45827223632186376,[6.62500000e+00 7.20100534e+31 5.12500000e-01],Good
0.4248934180268664,[8.54166667e+00 7.63323770e+31 6.79166667e-01],Good
0.39614419124758093,[6.44444444e+00 7.92139261e+31 6.77777778e-01],Good
0.5245574726985184,[4.25462963e+00 5.34720874e+31 6.22685185e-01],Good
0.38036758260404235,[7.46990741e+00 7.06173046e+31 6.65046296e-01],Good
0.47462320798604773,[7.35956790e+00 8.27998539e+31 5.78549383e-01],Good
0.18308419456962544,[6.52739198e+00 6.30372296e+31 6.69637346e-01],Good
0.5418872509437146,[7.22042181e+00 4.92511516e+31 5.95344650e-01],Good
0.3727218156502532,[6.63843879e+00 7.17232325e+31 6.57169496e-01],Good
0.12347667153933894,[5.64064643e+00 5.85850583e+31 6.02824931e-01],Good
0.469393677799817,[4.72601595e+00 5.25689352e+31 5.71714249e-01],Good
0.5829324356780801,[5.80692015e+00 4.87203477e+31 5.74472022e-01],Good
0.31451331808018,[6.43055913e+00 6.59725113e+31 6.36495127e-01],Good
0.2603319337156943,[6.01479981e+00 5.44710689e+31 5.95146391e-01],Good
0.13018680221335843,[6.11873964e+00 5.73464295e+31 6.05483575e-01],Good
0.1344560949768131,[5.64553207e+00 5.36124839e+31 5.19234992e-01],Good
0.33919280070629043,[5.10327877e+00 5.39862321e+31 5.76695665e-01],Good
0.1196858964098182,[6.15081969e+00 5.77788698e+31 5.75423916e-01],Good
0.16200565276752843,[6.29460510e+00 6.21944212e+31 6.69919957e-01],Good
0.11077439992159033,[5.80780033e+00 5.57579682e+31 5.56906233e-01],Good
0.1090699674549277,[5.61410466e+00 5.74015014e+31 5.51286479e-01],Good
0.12087294461234177,[5.36178718e+00 5.74290373e+31 5.24187931e-01],Good
0.09835826890834753,[6.07450336e+00 5.53738346e+31 5.19586154e-01],Good
0.09926708566696663,[6.29143182e+00 5.37682227e+31 4.77966766e-01],Good
0.09129839385845528,[5.51345254e+00 5.45766663e+31 5.09761994e-01],Good
0.11430868854926557,[5.19476897e+00 5.29755646e+31 4.76931033e-01],Good
0.11280102856022467,[5.66024004e+00 5.58100333e+31 4.96850185e-01],Good
0.09767772018053356,[5.77091026e+00 5.57709845e+31 5.41892221e-01],Good
0.09570507980505616,[5.95847278e+00 5.30794889e+31 4.96207101e-01],Good
0.13954429425902815,[5.42072036e+00 5.35775919e+31 5.12321390e-01],Good
0.08958942315727048,[5.91105761e+00 5.49247739e+31 5.17769963e-01],Good
0.0869845275786395,[5.81774503e+00 5.26163016e+31 4.73933818e-01],Good
0.0950136780902,[5.84116241e+00 5.10389601e+31 4.39954616e-01],Good
0.08563645638704875,[5.53636401e+00 5.49990057e+31 5.04770083e-01],Good
0.09168620348011991,[5.32530962e+00 5.59587641e+31 5.09051574e-01],Good
0.08283193538122624,[5.99665855e+00 5.37833878e+31 4.87887248e-01],Good
0.08704789702734361,[6.23826156e+00 5.33867485e+31 4.76949875e-01],Good
0.07758057510908911,[5.65612078e+00 5.26743561e+31 4.59957469e-01],Good
0.08018833131159919,[5.52865237e+00 5.15491472e+31 4.31051222e-01],Good
0.09029699522605661,[5.64168387e+00 5.50215315e+31 4.94476049e-01],Good
0.08120309543531623,[5.77372974e+00 5.32176090e+31 4.79069376e-01],Good
0.07926462086095443,[6.08130871e+00 5.14512296e+31 4.46505979e-01],Good
0.09546353603273228,[5.67744760e+00 5.11120754e+31 4.35801301e-01],Good
0.07880041735857224,[5.91685581e+00 5.31155597e+31 4.74865761e-01],Good
0.07513071586047781,[5.99579380e+00 5.16098212e+31 4.41816764e-01],Good
0.07389810153358933,[6.10682583e+00 5.08059273e+31 4.23190459e-01],Good
0.07479335752293836,[5.70522624e+00 5.29459991e+31 4.58836480e-01],Good
0.07268689923393679,[5.72859276e+00 5.11686287e+31 4.19790511e-01],Good
0.0754807102853634,[5.63446123e+00 5.01951632e+31 3.92252886e-01],Good
0.07045797247273156,[6.03764244e+00 5.06060140e+31 4.07920831e-01],Good
0.07077133813410275,[6.22840326e+00 4.95718429e+31 3.81902511e-01],Good
0.0805310813003608,[6.21014777e+00 4.87743809e+31 3.75098053e-01],Good
0.07225959934838333,[5.83145663e+00 5.19030946e+31 4.37901874e-01],Good
0.06883804954324912,[5.62496872e+00 5.16458975e+31 4.20551685e-01],Good
0.06697693528019666,[5.38404016e+00 5.20658826e+31 4.19232298e-01],Good
0.07115726600933281,[5.77350006e+00 5.18813654e+31 4.23579490e-01],Good
0.06677918227351676,[5.63199848e+00 5.11324134e+31 3.95919872e-01],Good
0.06566919270985705,[5.53226941e+00 5.07470728e+31 3.74928872e-01],Good
0.06456870802987047,[5.52913461e+00 5.03979476e+31 3.77808510e-01],Good
0.06586526155006123,[5.40695189e+00 4.96562386e+31 3.54923019e-01],Good
0.05871155811439854,[4.92598702e+00 5.15345880e+31 3.73392289e-01],Good
0.05249255363159755,[4.37015930e+00 5.19988750e+31 3.56128018e-01],Good
0.05552591448007593,[4.90366872e+00 5.00300477e+31 3.20011302e-01],Good
0.05143234982605882,[4.33637235e+00 5.08708407e+31 3.27703014e-01],Good
0.054691784839073554,[3.73842382e+00 5.09327246e+31 3.04090086e-01],Good
0.03955116871256059,[3.54433231e+00 5.15352280e+31 2.91419713e-01],Good
0.0351745274815346,[2.55193115e+00 5.21038683e+31 2.48225314e-01],Good
0.04230887822580476,[2.60197315e+00 5.32856749e+31 3.01359596e-01],Good
0.0644743192052355,[1.95669180e+00 5.21747142e+31 2.28730599e-01],Good
0.04428168772503904,[3.76679243e+00 5.20428348e+31 3.24278663e-01],Good
0.03036523483895215,[1.61075881e+00 5.40840780e+31 2.54872701e-01],Good
0.04023236269096575,[1.00000000e+00 5.56906967e+31 2.18457545e-01],Good
0.01211148124666972,[1.00000000e+00 5.42729127e+31 2.12026412e-01],Good
0.0898753485790943,[1.00000000e+00 5.53879516e+31 1.55900286e-01],Good
0.009961212019165555,[1.00000000e+00 5.36882310e+31 1.75390022e-01],Good
0.050148956900052166,[1.00000000e+00 5.38895091e+31 1.12405235e-01],Good
0.09345790051016667,[1.00000000e+00 5.59262795e+31 1.79967442e-01],Good
0.030398179502922007,[1.87775871e+00 5.30594711e+31 2.31160846e-01],Good
0.02779291352758262,[1.00000000e+00 5.49706767e+31 1.97031910e-01],Good
0.06265383156088267,[1.00000000e+00 5.45371356e+31 1.34759528e-01],Good
0.01690795872031614,[1.30537940e+00 5.41973424e+31 2.24844408e-01],Good
0.04454511690366936,[1.20358627e+00 5.31349807e+31 2.11141984e-01],Good
0.014165427217048054,[1.05089657e+00 5.45117527e+31 2.00559429e-01],Good
0.5886722216345985,[4.00000000e+00 3.31091403e+31 0.00000000e+00],Good
0.4679046200506515,[6.25000000e+00 3.31091403e+31 0.00000000e+00],Good
0.6066187413633441,[6.25000000e+00 5.64496881e+31 0.00000000e+00],Good
0.7497760067116466,[6.25000000e+00 3.31091403e+31 5.00000000e-01],Good
0.6054556910746114,[ 4.75000000e+00  4.86695055e+31 -5.00000000e-01],Good
0.7771820217855392,[ 3.75000000e+00  2.01421693e+31 -3.33333333e-01],Good
0.5432326656977021,[ 5.62500000e+00  4.73728084e+31 -8.33333333e-02],Good
0.7848991516292966,[5.83333333e+00 2.70578872e+31 4.44444444e-01],Good
0.5570380245338737,[ 5.02083333e+00  4.32666009e+31 -2.63888889e-01],Good
0.6187330453745032,[ 7.26388889e+00  4.93898928e+31 -2.31481481e-01],Good
0.32409640792764505,[ 4.81597222e+00  3.71793284e+31 -5.78703704e-02],Good
0.5450728892981738,[6.10648148e+00 3.51742505e+31 1.69753086e-01],Good
0.3638218489841901,[5.83506944e+00 3.71973381e+31 6.13425926e-02],Good
0.7461742816029934,[5.64236111e+00 2.42843961e+31 8.56481481e-02],Good
0.19817677606575512,[ 5.62934028e+00  4.16007054e+31 -4.10879630e-02],Good
0.20249158613437235,[ 4.60358796e+00  4.42091076e+31 -2.50771605e-02],Good
0.4281975864591735,[ 4.19753086e+00  4.47954228e+31 -1.44032922e-01],Good
0.23224417393257946,[5.42568480e+00 3.90968593e+31 9.99871399e-03],Good
0.49519471184959296,[5.62310314e+00 4.60917864e+31 2.04260974e-02],Good
0.20728383398960093,[ 5.01775495e+00  3.94074429e+31 -3.82962534e-02],Good
0.3925718142379072,[ 4.74143733e+00  4.43813113e+31 -7.96396319e-02],Good
0.15818971870053844,[ 5.25462293e+00  4.04179723e+31 -1.24108725e-02],Good
0.4054068360404198,[ 5.30727916e+00  4.47444139e+31 -1.40877439e-02],Good
0.13756013770952435,[ 5.09013600e+00  4.07416857e+31 -3.22441260e-02],Good
0.22440962056579716,[ 6.04581151e+00  3.76311346e+31 -3.20848138e-02],Good
0.1349509898622422,[ 4.96414385e+00  4.25646144e+31 -2.68290738e-02],Good
0.1952580838863306,[ 4.57659491e+00  4.08821429e+31 -6.56808527e-03],Good
0.14970873000293994,[ 4.83978125e+00  4.10617835e+31 -1.51980547e-02],Good
0.11101091362219573,[ 4.67475114e+00  4.24940834e+31 -3.71032972e-02],Good
0.1410098239042048,[ 4.38481525e+00  4.35321389e+31 -4.94495096e-02],Good
0.19865009229240205,[ 4.97957274e+00  4.28051388e+31 -4.89196100e-02],Good
0.11981849296968483,[ 4.87472913e+00  4.14976223e+31 -2.36284435e-02],Good
0.14485907548749888,[ 4.58561341e+00  4.36291944e+31 -2.61297503e-02],Good
0.11758968636606326,[ 4.96400536e+00  4.14635629e+31 -3.07155321e-02],Good
0.14270211720142634,[ 4.71151323e+00  4.10722313e+31 -3.41357747e-02],Good
0.11533070912058985,[ 4.90098620e+00  4.21915186e+31 -2.86557491e-02],Good
0.1360084537564642,[ 4.81843267e+00  4.26018209e+31 -4.06879421e-02],Good
0.1120555962810924,[ 4.86065501e+00  4.17736720e+31 -2.78933182e-02],Good
0.11629377389079909,[ 4.66025621e+00  4.28426198e+31 -3.17193775e-02],Good
0.11181005178462378,[ 4.73619350e+00  4.24978556e+31 -3.14684162e-02],Good
0.10421602352183224,[ 4.61341357e+00  4.23188887e+31 -3.56542720e-02],Good
0.1007792011454881,[ 4.46962726e+00  4.23825737e+31 -3.91535334e-02],Good
0.11103462063504033,[ 4.39305959e+00  4.31426698e+31 -4.39235130e-02],Good
0.09736922602486386,[ 4.28876516e+00  4.28483624e+31 -4.86518130e-02],Good
0.09085633192084674,[ 4.06505099e+00  4.30236158e+31 -5.72435114e-02],Good
0.10516968833953,[ 4.41322667e+00  4.21241788e+31 -4.50767150e-02],Good
0.10299136708650847,[ 3.95718548e+00  4.25261621e+31 -5.72125426e-02],Good
0.08611589379946538,[ 3.91468248e+00  4.31640556e+31 -5.73296767e-02],Good
0.07824735795428539,[ 3.66541038e+00  4.36839940e+31 -6.34561575e-02],Good
0.10748007715392371,[ 4.17620694e+00  4.35339602e+31 -4.93562589e-02],Good
0.09283027604015381,[ 4.01194084e+00  4.27781116e+31 -5.52484717e-02],Good
0.07220000098834156,[ 3.35864088e+00  4.39412406e+31 -7.81452269e-02],Good
0.060677195539899476,[ 2.80314769e+00  4.47205740e+31 -9.76410737e-02],Good
0.06216791278914313,[ 3.01046520e+00  4.48406776e+31 -9.03120234e-02],Good
0.0469438206164553,[ 2.25429785e+00  4.58065480e+31 -1.10362658e-01],Good
0.04189897866880821,[ 1.34892128e+00  4.71980141e+31 -1.36922232e-01],Good
0.03554964602320332,[ 1.10961240e+00  4.74888498e+31 -1.53127395e-01],Good
0.1448001239883252,[ 1.00000000e+00  4.93912777e+31 -1.97963014e-01],Good
0.03038436574933734,[ 1.00000000e+00  4.80976144e+31 -1.68148444e-01],Good
0.19718964240098957,[ 1.00000000e+00  4.97260828e+31 -2.07066654e-01],Good
0.28259128445523585,[ 1.00000000e+00  5.04690782e+31 -2.07824307e-01],Good
0.044545769508759214,[ 1.97799613e+00  4.61577001e+31 -1.25186882e-01],Good
0.08522174654803882,[ 1.00000000e+00  4.90319521e+31 -1.80278498e-01],Good
0.03907812262409194,[ 1.56542034e+00  4.68762631e+31 -1.38959786e-01],Good
0.029546899579102837,[ 1.10110055e+00  4.77771374e+31 -1.69901518e-01],Good
0.03856917935352755,[ 1.00000000e+00  4.80666990e+31 -1.86391161e-01],Good
0.07177652725567696,[ 1.00000000e+00  4.86994713e+31 -1.88491785e-01],Good
0.03332429251508873,[ 1.31782900e+00  4.73320651e+31 -1.51342786e-01],Good
0.9187429402046443,[ 2.0000000e+00  9.6774213e+30 -5.0000000e-01],Good
0.9160509799756864,[ 2.7500000e+00  9.6774213e+30 -5.0000000e-01],Good
0.8490346916757271,[ 2.75000000e+00  1.54441799e+31 -5.00000000e-01],Good
0.8742346938319383,[2.75000000e+00 1.54441799e+31 0.00000000e+00],Good
0.8385820664239594,[ 3.50000000e+00  1.73664327e+31 -1.66666667e-01],Good
0.7938237177486519,[4.25000000e+00 2.12109384e+31 5.55111512e-17],Good
0.7718205034809698,[3.75000000e+00 2.50554442e+31 1.66666667e-01],Good
0.7528804784937777,[4.25000000e+00 3.27444556e+31 5.00000000e-01],Good
0.6083251669567245,[4.75000000e+00 3.08222027e+31 1.48029737e-16],Good
0.22624840227433574,[5.75000000e+00 3.85112142e+31 2.22044605e-16],Good
0.7575936004671908,[6.75000000e+00 4.62002256e+31 8.33333333e-01],Good
1,[6.91666667e+00 5.70929918e+31 8.88888889e-01],Good
0.6982717020460039,[4.91666667e+00 3.01814518e+31 2.22222222e-01],Good
0.7631768109166828,[ 3.19444444e+00  2.14245221e+31 -3.51851852e-01],Good
0.7083394316677945,[5.86111111e+00 4.00062997e+31 5.37037037e-01],Good
0.1702854065305638,[6.76851852e+00 3.97215215e+31 6.17283951e-03],Good
0.6492747567627493,[ 8.02777778e+00  4.32100545e+31 -2.40740741e-01],Good
0.2754098440883178,[ 5.76234568e+00  3.22698252e+31 -3.84773663e-01],Good
0.6273056745022619,[ 7.27057613e+00  4.34869222e+31 -4.74622771e-01],Good
0.5762622384430078,[ 6.68209877e+00  4.01605546e+31 -3.00411523e-01],Good
0.5272460124342092,[5.50514403e+00 3.35078194e+31 4.80109739e-02],Good
0.3552575592582078,[ 5.79938272e+00  3.51710032e+31 -3.90946502e-02],Good
0.3728014618948534,[ 6.38786008e+00  3.84973708e+31 -2.13305898e-01],Good
0.2610517152131918,[ 5.94650206e+00  3.60025951e+31 -8.26474623e-02],Good
0.3167901148993363,[6.54766804e+00 4.38870619e+31 3.33790581e-01],Good
0.23226330594117073,[ 5.95867627e+00  3.51741344e+31 -2.05132602e-01],Good
0.19220348352707328,[ 6.37162780e+00  3.96019850e+31 -4.99923792e-02],Good
0.10795121715346345,[6.63475461e+00 4.33823460e+31 1.75919575e-01],Good
0.08482927552087971,[6.97279378e+00 4.74864518e+31 3.66445664e-01],Good
0.3831567548038425,[7.65862673e+00 4.60287581e+31 2.15084083e-01],Good
0.15583103244289065,[6.22715668e+00 4.03906001e+31 5.37710207e-02],Good
0.1485517824335505,[6.94068485e+00 4.54637307e+31 3.34252062e-01],Good
0.31712303639876793,[6.65857169e+00 4.91723336e+31 4.96806325e-01],Good
0.1241395722852997,[6.74103181e+00 4.20842245e+31 1.28831211e-01],Good
0.1741538561964936,[7.54251695e+00 4.96323379e+31 4.99248270e-01],Good
0.11678291122821938,[6.55599675e+00 4.27010346e+31 1.65140333e-01],Good
0.15557374150713843,[6.57253004e+00 4.27174099e+31 1.06026077e-01],Good
0.10798402701167875,[6.84864615e+00 4.47771505e+31 2.77195566e-01],Good
0.13958081501262043,[6.84392598e+00 4.78922001e+31 4.10356497e-01],Good
0.10548123995110159,[6.76675535e+00 4.35362184e+31 1.99212532e-01],Good
0.09563140833244177,[7.16946677e+00 4.78321792e+31 3.96762175e-01],Good
0.08098632449395438,[7.09069779e+00 4.77927492e+31 3.64418015e-01],Good
0.08327660821712457,[7.21172361e+00 4.93005485e+31 4.08029240e-01],Good
0.17697364606533672,[7.38855021e+00 5.18713684e+31 5.52538037e-01],Good
0.08890995267775381,[6.92220407e+00 4.56200059e+31 2.87543909e-01],Good
0.09149583073213752,[6.82099698e+00 4.61006254e+31 2.82176217e-01],Good
0.08490790115426827,[6.90811443e+00 4.65335138e+31 3.10822706e-01],Good
0.07905324329975028,[7.05886660e+00 4.89218040e+31 4.06913682e-01],Good
0.08570544266570324,[7.12719787e+00 5.05727030e+31 4.66598568e-01],Good
0.09154946022797861,[7.17345768e+00 4.96004895e+31 4.47695534e-01],Good
0.0811408707589043,[6.97445024e+00 4.73002577e+31 3.45040913e-01],Good
0.08460134091488747,[7.10988264e+00 4.85234221e+31 3.77802743e-01],Good
0.08089786859946746,[7.07561043e+00 4.82641795e+31 3.74963473e-01],Good
0.07935793279584502,[7.17566630e+00 4.93522307e+31 4.19155867e-01],Good
0.07929220765667533,[7.11606443e+00 4.98993936e+31 4.36270666e-01],Good
0.08618722961566339,[7.15812113e+00 5.05181060e+31 4.66596670e-01],Good
0.07904758073420726,[7.09623810e+00 4.88276611e+31 3.97871772e-01],Good
0.07816694038286753,[7.00511312e+00 4.90803418e+31 4.08214880e-01],Good
0.0780199313990052,[6.91983653e+00 4.89443973e+31 4.02744386e-01],Good
0.0793366619276914,[6.93389639e+00 4.78965147e+31 3.68749228e-01],Good
0.0785498018757419,[7.07052242e+00 4.93986739e+31 4.19390306e-01],Good
0.936037293493527,[2.0000000e+00 9.6774213e+30 5.0000000e-01],Good
0.9347645665023581,[2.7500000e+00 9.6774213e+30 5.0000000e-01],Good
0.8942047143408791,[2.75000000e+00 1.54441799e+31 5.00000000e-01],Good
1,[2.75000000e+00 1.54441799e+31 1.00000000e+00],Good
0.9437124786689711,[2.25000000e+00 7.75516844e+30 0.00000000e+00],Good
0.9320968229086535,[2.3750000e+00 9.6774213e+30 2.5000000e-01],Good
0.9034706945182045,[3.25000000e+00 1.35219270e+31 3.33333333e-01],Good
0.8796748006705206,[2.83333333e+00 1.60849308e+31 2.22222222e-01],Good
0.8397150156360503,[2.87500000e+00 1.92886856e+31 8.33333333e-02],Good
0.8288081059808858,[3.54166667e+00 2.24924403e+31 3.61111111e-01],Good
0.7694433537606562,[4.12500000e+00 2.88999499e+31 4.16666667e-01],Good
0.7631510474950379,[3.25000000e+00 2.88999499e+31 3.33333333e-01],Good
0.6779865147020772,[3.25000000e+00 3.65889613e+31 3.33333333e-01],Good
0.29040311335116675,[4.08333333e+00 4.10742180e+31 5.55555556e-02],Good
0.6074154557684197,[ 4.75000000e+00  5.38892370e+31 -1.66666667e-01],Good
0.18046290849013258,[4.76388889e+00 5.17534005e+31 4.53703704e-01],Good
0.32161472473203623,[5.70833333e+00 6.79857580e+31 6.38888889e-01],Good
0.47330822544733464,[3.93981481e+00 5.73777700e+31 1.45061728e-01],Good
0.590776206001159,[5.27469136e+00 6.35479643e+31 1.02880658e-01],Good
0.49930604203459616,[4.76851852e+00 5.68082136e+31 1.60493827e-01],Good
0.4997991832752934,[3.75617284e+00 4.33287121e+31 2.75720165e-01],Good
0.4730206160627174,[4.51543210e+00 5.34383382e+31 1.89300412e-01],Good
0.5735164767259814,[4.96862140e+00 4.01328678e+31 3.20644719e-01],Good
0.43544381874281546,[4.19701646e+00 5.30665444e+31 1.88957476e-01],Good
0.4357961138564054,[4.18072702e+00 4.38244371e+31 2.76177412e-01],Good
0.2499697458179969,[4.26440329e+00 4.62279124e+31 2.54458162e-01],Good
0.5949660515815827,[4.54406722e+00 3.96371428e+31 3.20187471e-01],Good
0.09562251502500696,[4.28377915e+00 4.97091940e+31 2.21764975e-01],Good
0.1132397285748784,[4.79138089e+00 5.73861200e+31 5.64395671e-01],Good
0.12381184335367745,[4.96162932e+00 5.96712306e+31 5.72118071e-01],Good
0.2899198997087068,[4.59397069e+00 5.94242959e+31 4.51815441e-01],Good
0.07273379585595663,[4.72140934e+00 5.36711244e+31 4.53231638e-01],Good
0.12830366279664762,[4.23608359e+00 4.75063949e+31 2.54143451e-01],Good
0.0937381236073922,[4.78024289e+00 5.66300217e+31 4.92624416e-01],Good
0.098831630619589,[4.39890670e+00 4.92874401e+31 2.14018348e-01],Good
0.08642612175083109,[4.49702525e+00 5.13121101e+31 3.01612679e-01],Good
0.15826464696331866,[5.04867250e+00 5.80329767e+31 6.09880848e-01],Good
0.08302218747799717,[4.47500249e+00 5.17901397e+31 3.18793943e-01],Good
0.05405605839806771,[4.34871516e+00 4.78855610e+31 2.23134424e-01],Good
0.18168103477261777,[4.13295129e+00 4.35133307e+31 8.83894273e-02],Good
0.06494484939888379,[4.53305941e+00 5.09191067e+31 3.61827324e-01],Good
0.14868372687590725,[4.59378678e+00 4.98603883e+31 3.73334981e-01],Good
0.05397421560076199,[4.50469856e+00 5.13077019e+31 3.32429203e-01],Good
0.06567216225617101,[4.20290608e+00 4.64037887e+31 1.58362329e-01],Good
0.05135973351062295,[4.33253189e+00 4.82206226e+31 2.32079656e-01],Good
0.057750260565482825,[4.25757100e+00 4.73568170e+31 1.63268197e-01],Good
0.0511129368968285,[4.32644310e+00 4.82473894e+31 2.12907979e-01],Good
0.05812749447634158,[4.42706721e+00 5.06315815e+31 2.95143468e-01],Good
0.049096750506059106,[4.36830317e+00 4.85720662e+31 2.41136685e-01],Good
0.08583897242741156,[4.18015355e+00 4.53856836e+31 1.24987011e-01],Good
0.04931930321194755,[4.42356231e+00 4.98271973e+31 2.80568655e-01],Good
0.05579496378232507,[4.41300716e+00 4.95438126e+31 2.57662556e-01],Good
0.04889212722521119,[4.35265071e+00 4.85514201e+31 2.38475381e-01],Good
0.049180990190304086,[4.43656769e+00 4.97197330e+31 2.93879168e-01],Good
0.0559814932062328,[4.34811874e+00 4.80682822e+31 2.35092168e-01],Good
0.04807524829479126,[4.40470142e+00 4.93874685e+31 2.69199533e-01],Good
0.05069989641460404,[4.31386917e+00 4.79542369e+31 2.05328565e-01],Good
0.0483353109166228,[4.40589306e+00 4.92783589e+31 2.71741517e-01],Good
0.04779985443534762,[4.40719362e+00 4.95727656e+31 2.78474269e-01],Good
0.04791657530285265,[4.42663885e+00 5.00731153e+31 2.97143062e-01],Good
0.048388483796286796,[4.45920802e+00 5.02743086e+31 3.07801498e-01],Good
0.04798498656365391,[4.43256869e+00 4.98435865e+31 2.90469969e-01],Good
0.5986540722409243,[1.00000000e+01 4.90035308e+31 7.00000000e-01],Good
0.45568013923703876,[1.47500000e+01 4.90035308e+31 7.00000000e-01],Good
0.5085676173007131,[1.47500000e+01 8.42648716e+31 7.00000000e-01],Good
0.7776530656335235,[1.47500000e+01 4.90035308e+31 9.25000000e-01],Good
0.5384612763683904,[1.15833333e+01 7.25110913e+31 4.75000000e-01],Good
0.6430199087168896,[1.73888889e+01 8.81827983e+31 5.50000000e-01],Good
0.2779820985469017,[1.18472222e+01 5.87983477e+31 6.62500000e-01],Good
0.6663203443449098,[1.59814815e+01 5.55334088e+31 9.00000000e-01],Good
0.49728035872626264,[1.26828704e+01 6.82666707e+31 5.81250000e-01],Good
0.7734229575485077,[1.14367284e+01 3.31141613e+31 5.95833333e-01],Good
0.47903729653124316,[1.39216821e+01 7.14771940e+31 6.73958333e-01],Good
0.576614024072909,[1.43297325e+01 5.12527110e+31 7.76388889e-01],Good
0.4647172115338739,[1.30945859e+01 6.40131808e+31 6.30034722e-01],Good
0.628388444947344,[1.25395233e+01 4.30661789e+31 6.54398148e-01],Good
0.45582851811498615,[1.35761424e+01 6.43744402e+31 6.69068287e-01],Good
0.483981712266903,[1.36876572e+01 5.07710318e+31 7.24344136e-01],Good
0.4351118711393146,[1.32428537e+01 6.07026435e+31 6.53612076e-01],Good
0.501292301437136,[1.29839082e+01 4.79619078e+31 6.75006430e-01],Good
0.39386607553974684,[1.34280839e+01 6.02713071e+31 6.70552823e-01],Good
0.4668742712910968,[1.09287732e+01 7.08446681e+31 6.24443266e-01],Good
0.14388982753465696,[1.37946933e+01 5.44638151e+31 6.81110816e-01],Good
0.14293769815106672,[1.28038125e+01 5.49863365e+31 6.89163684e-01],Good
0.36447274477444047,[1.25842919e+01 5.21281830e+31 7.06939488e-01],Good
0.30559999208650723,[1.22024015e+01 5.18943591e+31 6.84630177e-01],Good
0.15407514480777784,[1.25088221e+01 5.39885961e+31 6.81110839e-01],Good
0.4204686763324291,[1.42243297e+01 5.01608174e+31 7.05090226e-01],Good
0.17778247639613898,[1.24414991e+01 5.66389651e+31 6.73147556e-01],Good
0.23272856196037772,[1.36300529e+01 5.23202000e+31 6.94442669e-01],Good
0.14683071455729968,[1.27386375e+01 5.55592739e+31 6.78471335e-01],Good
0.17488105898676587,[1.37159401e+01 5.60176875e+31 6.84719718e-01],Good
0.14140052781012102,[1.28106016e+01 5.44958690e+31 6.82013059e-01],Good
0.15530116096951285,[1.35341008e+01 5.37380732e+31 6.89720371e-01],Good
0.14147793537682907,[1.29375033e+01 5.51039737e+31 6.81283594e-01],Good
0.6333563536037163,[ 1.00000000e+01  4.90035308e+31 -7.00000000e-01],Good
0.6595051375223348,[ 1.47500000e+01  4.90035308e+31 -7.00000000e-01],Good
0.6108417881546708,[ 1.00000000e+01  8.42648716e+31 -7.00000000e-01],Good
0.6129325369369396,[ 1.00000000e+01  8.42648716e+31 -4.75000000e-01],Good
0.6516319874920637,[ 5.25000000e+00  9.60186518e+31 -5.50000000e-01],Good
0.6332639708642809,[ 7.62500000e+00  8.42648716e+31 -5.87500000e-01],Good
0.652923400742724,[ 8.41666667e+00  1.19526212e+32 -4.75000000e-01],Good
0.6902873024693263,[ 9.60416667e+00  6.66342012e+31 -6.43750000e-01],Good
0.6653090564370783,[ 1.00000000e+01  6.66342012e+31 -7.00000000e-01],Good
0.6105874943714515,[ 8.81250000e+00  8.42648716e+31 -6.43750000e-01],Good
0.6099052243242981,[ 1.00000000e+01  8.42648716e+31 -5.87500000e-01],Good
0.6323934812931289,[ 9.20833333e+00  1.01895542e+32 -5.87500000e-01],Good
0.6166940613004652,[ 9.40625000e+00  9.30802068e+31 -6.15625000e-01],Good
0.619497677195247,[ 9.80208333e+00  7.54495364e+31 -6.71875000e-01],Good
0.6112787758916979,[ 9.50520833e+00  8.86725392e+31 -6.29687500e-01],Good
0.6109887512616166,[ 9.7031250e+00  7.9857204e+31 -6.5781250e-01],Good
0.6092612512120362,[ 9.65364583e+00  8.20610378e+31 -6.50781250e-01],Good
0.6184501416016521,[ 8.97743056e+00  8.27956490e+31 -5.54687500e-01],Good
0.6089709474532875,[ 9.74435764e+00  8.38975659e+31 -6.63671875e-01],Good
0.6118920881067131,[ 1.07861690e+01  8.25507786e+31 -6.24218750e-01],Good
0.6092188491935029,[ 9.30591725e+00  8.38363483e+31 -6.38867187e-01],Good
0.6083810583048525,[ 9.13594715e+00  8.22650965e+31 -7.14713542e-01],Good
0.6085513321989815,[ 8.70392072e+00  8.12652089e+31 -7.78320312e-01],Good
0.6079241406363611,[ 9.13716885e+00  8.46049694e+31 -6.94053819e-01],Good
0.607500234303813,[ 8.87893036e+00  8.58769352e+31 -7.15690104e-01],Good
0.6075502006456885,[ 9.20023952e+00  8.41900501e+31 -7.57183160e-01],Good
0.6064461387947543,[ 8.39905371e+00  8.43238219e+31 -7.94719329e-01],Good
0.6061379980658888,[ 7.72640175e+00  8.45369498e+31 -8.60243056e-01],Good
0.6055828247065077,[ 8.06776728e+00  8.74708602e+31 -8.40697338e-01],Good
1,[ 7.53367734e+00  9.00737421e+31 -9.03689236e-01],Good
0.6056187915297317,[ 7.24849341e+00  8.77331134e+31 -8.53903839e-01],Good
1,[ 6.48284459e+00  8.72836805e+31 -9.87539384e-01],Good
0.6062455151011077,[ 8.27990892e+00  8.62286215e+31 -7.83652424e-01],Good
1,[ 7.08186603e+00  8.69319942e+31 -9.19577064e-01],Good
0.6056797357140286,[ 7.98039820e+00  8.64044647e+31 -8.17633584e-01],Good
0.6057560247950157,[ 7.80470417e+00  8.98686758e+31 -8.14580118e-01],Good
0.6053023927825415,[ 7.78512857e+00  8.85357443e+31 -8.25995853e-01],Good
0.6044462910412506,[ 7.42052797e+00  8.94220140e+31 -8.62764435e-01],Good
1,[ 7.14059285e+00  9.09307886e+31 -8.85329861e-01],Good
0.6079498273291626,[ 8.26712247e+00  8.92192989e+31 -8.32401245e-01],Good
0.6049012727925106,[ 7.50315067e+00  8.81046598e+31 -8.48528190e-01],Good
0.6047276452547128,[ 7.07143753e+00  8.99040851e+31 -8.50828314e-01],Good
1,[ 6.87828221e+00  8.97514283e+31 -8.82084774e-01],Good
0.6049026486883502,[ 7.55841698e+00  8.88396653e+31 -8.40018083e-01],Good
0.6043821211432554,[ 7.10499380e+00  8.94475073e+31 -8.68062544e-01],Good
1,[ 6.87828221e+00  8.97514283e+31 -8.82084774e-01],Good
0.6038382635468296,[ 6.89482219e+00  9.10777445e+31 -8.72575339e-01],Good
1,[ 6.59065795e+00  9.25642868e+31 -8.84598913e-01],Good
1,[ 7.20879178e+00  9.00607587e+31 -8.84773231e-01],Good
0.6044035529393932,[ 7.10577609e+00  8.99432535e+31 -8.59314543e-01],Good
1,[ 6.64986675e+00  9.08903229e+31 -8.70537182e-01],Good
0.6042546540705038,[ 7.22786266e+00  8.97890912e+31 -8.64707622e-01],Good
1,[ 7.04600968e+00  9.02663085e+31 -8.77582459e-01],Good
0.6042719302412483,[ 7.09083449e+00  9.00240173e+31 -8.63881522e-01],Good
0.7965172819461583,[4.00000000e+00 3.31091403e+31 7.00000000e-01],Good
0.7954394880253723,[6.25000000e+00 3.31091403e+31 7.00000000e-01],Good
0.40131213332508864,[6.25000000e+00 5.64496881e+31 7.00000000e-01],Good
1,[6.25000000e+00 5.64496881e+31 9.25000000e-01],Good
0.8105108425105719,[4.75000000e+00 2.53289577e+31 4.75000000e-01],Good
0.7699494776471358,[5.12500000e+00 3.31091403e+31 5.87500000e-01],Good
0.56742326528408,[7.75000000e+00 4.86695055e+31 6.25000000e-01],Good
0.18371018173998654,[6.50000000e+00 5.90430823e+31 5.75000000e-01],Good
0.462553210370373,[6.62500000e+00 7.20100534e+31 5.12500000e-01],Good
0.4259861532023651,[8.54166667e+00 7.63323770e+31 6.79166667e-01],Good
0.3972573456369165,[6.44444444e+00 7.92139261e+31 6.77777778e-01],Good
0.5255212559934186,[4.25462963e+00 5.34720874e+31 6.22685185e-01],Good
0.381292502837591,[7.46990741e+00 7.06173046e+31 6.65046296e-01],Good
0.47797125542651964,[7.35956790e+00 8.27998539e+31 5.78549383e-01],Good
0.18072442092318397,[6.52739198e+00 6.30372296e+31 6.69637346e-01],Good
0.5340151554369517,[7.22042181e+00 4.92511516e+31 5.95344650e-01],Good
0.37363464635491384,[6.63843879e+00 7.17232325e+31 6.57169496e-01],Good
0.11704184113830274,[5.64064643e+00 5.85850583e+31 6.02824931e-01],Good
0.4680134693380519,[4.72601595e+00 5.25689352e+31 5.71714249e-01],Good
0.5758950075848754,[5.80692015e+00 4.87203477e+31 5.74472022e-01],Good
0.31633543373516293,[6.43055913e+00 6.59725113e+31 6.36495127e-01],Good
0.24973896824191355,[6.01479981e+00 5.44710689e+31 5.95146391e-01],Good
0.12254316910024943,[6.11873964e+00 5.73464295e+31 6.05483575e-01],Good
0.18463680504171087,[5.69118537e+00 6.02693959e+31 6.76963901e-01],Good
0.14317247054883087,[6.29779634e+00 5.93496607e+31 6.00490975e-01],Good
0.16674251480575408,[5.51072964e+00 5.38168694e+31 5.36228975e-01],Good
0.11274758822659736,[5.76489522e+00 5.61219595e+31 5.69581068e-01],Good
0.21428079435940006,[5.38505785e+00 5.53526375e+31 5.84768741e-01],Good
0.11640701465185632,[6.06961172e+00 5.83504049e+31 5.96560417e-01],Good
0.10733619410266615,[5.53136261e+00 5.80251857e+31 5.73827369e-01],Good
0.11144365438344139,[5.23767409e+00 5.83645638e+31 5.57999266e-01],Good
0.09774887333834736,[5.93659993e+00 5.64133084e+31 5.57154304e-01],Good
0.0907901875477618,[6.08457668e+00 5.53274334e+31 5.34318991e-01],Good
0.09640187891470131,[5.51761129e+00 5.46326475e+31 5.21924535e-01],Good
0.09439234448888767,[5.65747183e+00 5.58682182e+31 5.17132862e-01],Good
0.0798179419645847,[5.97507726e+00 5.25270137e+31 4.75090223e-01],Good
0.10231383194638433,[6.19693458e+00 4.97779277e+31 4.25721650e-01],Good
0.10536603253543775,[6.29380589e+00 5.45157961e+31 4.95770182e-01],Good
0.08549645708345854,[5.71165994e+00 5.46034346e+31 5.15385947e-01],Good
0.1050279394312591,[6.19007075e+00 5.24370363e+31 4.99397245e-01],Good
0.08527152163797969,[5.79062156e+00 5.50104227e+31 5.12698958e-01],Good
0.07927014092252704,[5.56699582e+00 5.27664806e+31 4.67797761e-01],Good
0.0932712768076086,[5.30820540e+00 5.14860042e+31 4.34537147e-01],Good
0.07260705071978568,[5.84346982e+00 5.22658434e+31 4.55005348e-01],Good
0.07006315629721716,[5.90937477e+00 5.10970478e+31 4.24815049e-01],Good
0.11109222816991104,[5.84367700e+00 4.92499387e+31 3.99103064e-01],Good
0.07675488328161995,[5.80388542e+00 5.35703017e+31 4.84299985e-01],Good
0.06847395779428911,[5.54509342e+00 5.24288731e+31 4.42851640e-01],Good
0.0648249297707002,[5.33010150e+00 5.23798028e+31 4.26732348e-01],Good
0.07206074926066919,[5.79524530e+00 5.19316209e+31 4.22767159e-01],Good
0.0623203052472735,[5.55259562e+00 5.00353460e+31 3.65243053e-01],Good
0.06383373678325832,[5.42695072e+00 4.82678681e+31 3.05714587e-01],Good
0.06966686763919094,[5.39946929e+00 5.04098435e+31 3.88426474e-01],Good
0.05645718985561643,[4.94540284e+00 5.07862803e+31 3.62119534e-01],Good
0.05085035088157974,[4.46341687e+00 5.06308965e+31 3.30771777e-01],Good
0.060663576573979916,[4.83127337e+00 5.16208534e+31 3.60071645e-01],Good
0.05055920930206281,[4.56808908e+00 4.91449278e+31 2.77325302e-01],Good
0.05750907325835353,[4.18708287e+00 4.75274903e+31 2.02621779e-01],Good
0.038049162634499756,[3.68925726e+00 5.08957725e+31 2.80202763e-01],Good
0.03263892815134328,[2.75758808e+00 5.13259857e+31 2.37682618e-01],Good
0.07977649174657309,[3.02812265e+00 4.91136866e+31 2.03781487e-01],Good
0.0488306452802596,[4.38048569e+00 5.09940617e+31 3.20999105e-01],Good
0.032006586983195695,[3.34069170e+00 5.03457536e+31 2.26566240e-01],Good
0.024688270222182895,[2.77932911e+00 5.02031822e+31 1.74463472e-01],Good
0.017341416592367764,[2.04351284e+00 5.25372253e+31 2.11438162e-01],Good
0.018777461479747792,[1.00000000e+00 5.42333741e+31 1.78494592e-01],Good
0.010760164065131916,[1.00000000e+00 5.17168671e+31 9.47237291e-02],Good
0.10996087585100955,[ 1.00000000e+00  5.20782699e+31 -1.84139591e-02],Good
0.009473564378043475,[1.12430655e+00 5.16455307e+31 8.27342898e-02],Good
0.05733184045605588,[1.00000000e+00 5.18053032e+31 5.26012553e-03],Good
0.08437753792702507,[1.00000000e+00 5.37298999e+31 8.48006488e-02],Good
0.018153726269086068,[2.08430112e+00 5.10848616e+31 1.52047766e-01],Good
0.01715934036918698,[1.00000000e+00 5.28482205e+31 1.07216355e-01],Good
0.0776370382536965,[ 1.00000000e+00  5.16031869e+31 -2.16552461e-02],Good
0.011613047388002062,[1.54247418e+00 5.23037157e+31 1.53164810e-01],Good
0.037632887106679,[1.44452049e+00 5.09291886e+31 1.13198865e-01],Good
0.008545584855245814,[1.11113012e+00 5.23684625e+31 1.08711982e-01],Good
0.580568608783143,[4.00000000e+00 3.31091403e+31 0.00000000e+00],Good
0.4592576388108054,[6.25000000e+00 3.31091403e+31 0.00000000e+00],Good
0.6110760014459048,[6.25000000e+00 5.64496881e+31 0.00000000e+00],Good
0.7462911387484763,[6.25000000e+00 3.31091403e+31 5.00000000e-01],Good
0.6079724133705874,[ 4.75000000e+00  4.86695055e+31 -5.00000000e-01],Good
0.7756038451709073,[ 3.75000000e+00  2.01421693e+31 -3.33333333e-01],Good
0.5517202155421794,[ 5.62500000e+00  4.73728084e+31 -8.33333333e-02],Good
0.7829178861920315,[5.83333333e+00 2.70578872e+31 4.44444444e-01],Good
0.5591278532404458,[ 5.02083333e+00  4.32666009e+31 -2.63888889e-01],Good
0.6210154328152759,[ 7.26388889e+00  4.93898928e+31 -2.31481481e-01],Good
0.3167213280005903,[ 4.81597222e+00  3.71793284e+31 -5.78703704e-02],Good
0.5347173175717868,[6.10648148e+00 3.51742505e+31 1.69753086e-01],Good
0.7746595338091753,[5.82330247e+00 2.29356711e+31 1.57921811e-01],Good
0.1609970338734531,[ 5.67457562e+00  4.12635241e+31 -2.30195473e-02],Good
0.23984169607143035,[ 5.05388374e+00  3.91937447e+31 -2.23679698e-01],Good
0.5180919029208984,[ 4.11295439e+00  4.53152578e+31 -2.03046411e-01],Good
0.3022305620158354,[ 5.71573860e+00  3.61606697e+31 -5.07616027e-02],Good
0.393139113435229,[ 6.14682642e+00  4.05659639e+31 -1.40436862e-01],Good
0.2244059784959367,[ 5.14868577e+00  3.80259873e+31 -7.85119932e-02],Good
0.42021108790726813,[ 4.86902482e+00  4.28281677e+31 -1.66045890e-01],Good
0.21532047036633706,[ 5.50406015e+00  3.78275442e+31 -7.95826745e-02],Good
0.3041383481712686,[5.83099728e+00 3.88842923e+31 1.02936888e-01],Good
0.17077497487485827,[ 5.24816213e+00  3.91163816e+31 -1.42025552e-01],Good
0.2636951505113039,[ 5.80251283e+00  4.07789793e+31 -8.45731890e-02],Good
0.19283360142877137,[ 5.31214254e+00  3.87142353e+31 -8.00272922e-02],Good
0.24073350708580554,[ 5.31919337e+00  4.15685498e+31 -8.37989196e-02],Good
0.18461238390148182,[ 5.45784346e+00  3.87627956e+31 -8.06367357e-02],Good
0.21482139368525877,[ 5.60824493e+00  4.07142322e+31 -8.37605976e-02],Good
0.16971756013827788,[ 5.38616814e+00  3.92142345e+31 -8.09606185e-02],Good
0.2004130193516478,[ 5.41476046e+00  4.09666312e+31 -8.33670759e-02],Good
0.16493073979413464,[ 5.44707271e+00  3.93137545e+31 -8.13193208e-02],Good
0.1405165864530976,[5.75704884e+00 4.07446271e+31 1.84925605e-02],Good
0.1428173287975223,[6.01149220e+00 4.15587499e+31 9.87516166e-02],Good
0.14216705973394128,[5.86629665e+00 4.16670360e+31 2.37297468e-02],Good
0.1421776193695946,[6.08487470e+00 4.31363703e+31 9.41211608e-02],Good
0.11467932401125791,[6.13090451e+00 4.24351648e+31 1.13915193e-01],Good
0.12355285680255468,[6.35906895e+00 4.30209852e+31 1.82382563e-01],Good
0.16330940836650032,[5.75129197e+00 4.00948483e+31 9.97050591e-03],Good
0.12711330451394376,[6.00147901e+00 4.23759898e+31 7.30834971e-02],Good
0.12824301095281787,[6.05999160e+00 4.20368185e+31 1.13264420e-01],Good
0.10031885266283158,[6.37120124e+00 4.38206883e+31 1.81682846e-01],Good
0.0887479062787685,[6.67827743e+00 4.53587189e+31 2.63277989e-01],Good
0.12998057149992182,[6.48044904e+00 4.47430971e+31 1.86920032e-01],Good
0.11162180777604469,[6.16510596e+00 4.27133882e+31 1.31678323e-01],Good
0.113721361512224,[6.64804625e+00 4.46288581e+31 2.66164173e-01],Good
0.10438754709840481,[6.86338192e+00 4.60321453e+31 3.26831797e-01],Good
0.09760476821563424,[6.48979729e+00 4.47739768e+31 2.15027900e-01],Good
0.09571957505248929,[7.18919847e+00 4.80631725e+31 4.05080134e-01],Good
0.10555952385843381,[6.70813354e+00 4.60984334e+31 2.62092218e-01],Good
0.08973610336725302,[6.82456982e+00 4.60487173e+31 3.10646902e-01],Good
0.13966392041196007,[7.30489986e+00 4.82064290e+31 4.37642117e-01],Good
0.08745003830344922,[6.69357293e+00 4.56320898e+31 2.70681454e-01],Good
0.10486083931100809,[6.27508166e+00 4.32965116e+31 1.57990763e-01],Good
0.08555749746350161,[6.96066926e+00 4.68715072e+31 3.43307791e-01],Good
0.08869662749718188,[6.73044326e+00 4.58594933e+31 2.74197921e-01],Good
0.08211572589033456,[6.91151287e+00 4.68833414e+31 3.28846788e-01],Good
0.08043655226691404,[7.02813059e+00 4.76456526e+31 3.61631188e-01],Good
0.08767216449645077,[7.05780527e+00 4.75733398e+31 3.76215702e-01],Good
0.08344086309140386,[6.97596476e+00 4.71448782e+31 3.50711257e-01],Good
0.09779951619958749,[7.28293682e+00 4.88092689e+31 4.33085370e-01],Good
0.08357668374995786,[6.84091390e+00 4.64263846e+31 3.11282433e-01],Good
0.08148372073490007,[6.93600358e+00 4.72731030e+31 3.39108794e-01],Good
0.08033858508843006,[7.11915205e+00 4.82827047e+31 3.89685060e-01],Good
0.08295568594822045,[7.25827113e+00 4.92108647e+31 4.28886373e-01],Good
0.081139289810369,[7.07955939e+00 4.83227620e+31 3.76238771e-01],Good
0.0805429446270477,[7.21522445e+00 4.88943098e+31 4.12594552e-01],Good
0.08584112370593511,[7.16211201e+00 4.82256827e+31 3.99701762e-01],Good
0.07974819968684532,[7.10019754e+00 4.82984922e+31 3.82104519e-01],Good
0.08101823434116473,[6.94976235e+00 4.72569232e+31 3.43019293e-01],Good
0.07989804892146235,[7.14885892e+00 4.84849632e+31 3.95200737e-01],Good
0.08014326963098528,[7.21734175e+00 4.90651207e+31 4.16362356e-01],Good
